,date,lat,lon,parameters,rfh_avg,vim_avg
0,2018-06-14,6.47657000016715,2.63913999971109,null,60.893738961039,51.9983
1,2018-06-14,6.47657000016715,2.63913999971109,41,60.893738961039,51.9983
2,2018-06-14,6.47657000016715,2.63913999971109,36,60.893738961039,51.9983
3,2018-06-15,6.48287000035792,2.5939200003729,42,60.893738961039,51.9983
4,2018-07-02,6.48289000019924,2.6282900003858,null,56.1264662337662,53.8446
5,2018-07-06,6.53988999984095,2.64362000044096,7',56.1264662337662,53.8446
6,2018-08-13,6.48741000021147,2.62376000032555,null,49.2276701298701,55.2875
7,2018-08-17,9.33672999987147,2.64484999977911,3',59.527187012987,55.4393
8,2018-08-18,9.33672999987147,2.64484999977911,10,59.527187012987,55.4393
9,2018-08-18,9.32587999999528,2.64668000006519,10,59.527187012987,55.4393
10,2018-08-18,9.32490999983574,2.58658000003535,1',59.527187012987,55.4393
11,2018-08-18,9.32310999986149,2.59295000042743,4',59.527187012987,55.4393
12,2018-08-19,9.89093999962609,2.47551999956372,18,59.527187012987,55.4393
13,2018-08-19,9.35570999962169,2.63299000032536,18,59.527187012987,55.4393
14,2018-08-20,8.41274000011694,1.89364999963456,11,59.527187012987,55.4393
15,2018-08-20,9.31861999980692,2.62119000024775,18,59.527187012987,55.4393
16,2018-08-21,9.32587000004394,2.64303000043708,22,59.527187012987,55.4393
17,2018-08-21,8.41183999998771,1.89275000000928,19,59.527187012987,55.4393
18,2018-08-22,6.41656999981139,2.33897000017299,null,59.527187012987,55.4393
19,2018-08-22,8.40821999972208,1.892760000055,32,59.527187012987,55.4393
20,2018-08-23,9.32129000018972,2.58567000036431,4',59.527187012987,55.4393
21,2018-08-23,9.32129000018972,2.58567000036431,null,59.527187012987,55.4393
22,2018-08-25,9.3258100003299,2.58748999970638,null,59.527187012987,55.4393
23,2018-08-25,6.39488999978155,2.36973999988816,null,59.527187012987,55.4393
24,2018-08-26,9.31949000016244,2.59660000005558,null,59.527187012987,55.4393
25,2018-08-29,9.31948000002801,2.5874999997521,null,55.4485948051948,55.5117
26,2018-09-02,9.32403999969257,2.62300000044236,47,55.4485948051948,55.5117
27,2018-09-07,8.05943000015335,2.51082000023743,10,56.9985662337662,55.4647
28,2018-09-14,9.31858000005432,2.5874999997521,null,56.9985662337662,55.4647
29,2018-09-14,9.31858000005432,2.5874999997521,null,56.9985662337662,55.4647
30,2018-11-03,6.6396600000807,1.71271000021068,1',13.1407506493506,50.5687
31,2018-11-03,6.63966999997749,1.71452000040529,20,13.1407506493506,50.5687
32,2018-11-03,6.63875999961498,1.71180999968707,null,13.1407506493506,50.5687
33,2018-11-03,6.63786000018074,1.71361999988168,15,13.1407506493506,50.5687
34,2018-11-03,6.6396600000807,1.71271000021068,0',13.1407506493506,50.5687
35,2018-11-03,6.63875999961498,1.71180999968707,null,13.1407506493506,50.5687
36,2018-11-03,6.64417999963779,1.71088999997032,null,13.1407506493506,50.5687
37,2018-11-03,6.63966999997749,1.71452000040529,12,13.1407506493506,50.5687
38,2018-11-09,6.61433000027339,1.70916000014166,null,6.30159350649351,48.2879
39,2018-11-13,6.7338499997712,1.76222000030792,4',6.30159350649351,48.2879
40,2018-11-16,6.63253999971028,1.75795999968611,null,6.30159350649351,48.2879
41,2018-11-16,6.63253999971028,1.75795999968611,null,6.30159350649351,48.2879
42,2018-11-19,6.40672999966876,1.88418000033354,5',5.55767922077922,45.6838
43,2018-11-19,6.40672999966876,1.88418000033354,5',5.55767922077922,45.6838
44,2018-11-20,6.62789999967511,1.7100299996297,null,5.55767922077922,45.6838
45,2018-11-20,6.62789999967511,1.7100299996297,null,5.55767922077922,45.6838
46,2018-11-20,6.62789999967511,1.7100299996297,null,5.55767922077922,45.6838
47,2018-11-20,6.62789999967511,1.7100299996297,null,5.55767922077922,45.6838
48,2018-11-20,6.62789999967511,1.7100299996297,null,5.55767922077922,45.6838
49,2018-11-20,6.62789999967511,1.7100299996297,null,5.55767922077922,45.6838
50,2018-11-20,6.63333999970107,1.71453999959847,null,5.55767922077922,45.6838
51,2018-11-20,6.62789999967511,1.7100299996297,null,5.55767922077922,45.6838
52,2018-11-20,6.62789999967511,1.7100299996297,null,5.55767922077922,45.6838
53,2018-11-20,6.62789999967511,1.7100299996297,null,5.55767922077922,45.6838
54,2018-11-23,6.63436000032613,1.75975999983496,null,5.55767922077922,45.6838
55,2018-11-23,6.63253999971028,1.75795999968611,null,5.55767922077922,45.6838
56,2018-11-23,6.63253999971028,1.75795999968611,null,5.55767922077922,45.6838
57,2018-11-24,6.63424000025722,1.71273000030216,null,5.55767922077922,45.6838
58,2018-11-24,6.3928099996977,2.17715000017451,null,5.55767922077922,45.6838
59,2018-11-24,6.63424000025722,1.71273000030216,null,5.55767922077922,45.6838
60,2018-11-26,6.63424000025722,1.71544000012204,null,5.55767922077922,45.6838
61,2018-11-27,6.58620000011203,1.67306000030009,null,3.68948311688312,42.8846
62,2018-12-03,6.58620000011203,1.67306000030009,null,3.68948311688312,42.8846
63,2018-12-18,6.58620000011203,1.67306000030009,null,3.20778181818182,37.2871
64,2019-01-03,6.44641999990886,2.34616999987017,null,1.49958181818182,34.6449
65,2019-01-03,6.44641999990886,2.34616999987017,null,1.49958181818182,34.6449
66,2019-01-05,7.18313000039258,2.0580799998938,2',1.49958181818182,34.6449
67,2019-01-05,7.18313000039258,2.0580799998938,null,1.49958181818182,34.6449
68,2019-01-07,6.40661000044396,2.33717000002411,null,1.00666753246753,32.778
69,2019-01-11,6.39035000006121,2.35528000021937,4',1.00666753246753,32.778
70,2019-01-11,6.39035000006121,2.35528000021937,null,1.00666753246753,32.778
71,2019-01-14,7.17855999966035,2.03635000020765,4',1.00666753246753,32.778
72,2019-01-14,7.18224000020614,2.06712999996857,2',1.00666753246753,32.778
73,2019-01-14,7.17855999966035,2.03363000034205,3',1.00666753246753,32.778
74,2019-01-15,6.41476000043508,2.33897000017299,null,1.00666753246753,32.778
75,2019-01-18,7.16950000009442,2.02913000041903,6',2.56062987012987,31.8069
76,2019-01-18,7.16950000009442,2.02913000041903,3',2.56062987012987,31.8069
77,2019-01-18,7.16950000009442,2.02913000041903,3',2.56062987012987,31.8069
78,2019-01-18,6.50857999960254,2.16973000036931,null,2.56062987012987,31.8069
79,2019-01-18,7.16950000009442,2.02913000041903,5',2.56062987012987,31.8069
80,2019-01-18,7.16950000009442,2.02913000041903,4',2.56062987012987,31.8069
81,2019-01-24,6.42924000007812,2.35070999997614,null,2.56062987012987,31.8069
82,2019-02-01,6.55046000007136,2.35689000039743,null,4.57385974025974,31.4587
83,2019-02-05,6.54231999990803,2.35598999987382,null,4.57385974025974,31.4587
84,2019-02-05,6.54231999990803,2.35509000024855,null,4.57385974025974,31.4587
85,2019-02-05,6.54231999990803,2.35598999987382,null,4.57385974025974,31.4587
86,2019-02-07,6.50253000018317,2.36146999978806,null,9.12358571428571,31.7238
87,2019-02-09,6.36952999976658,2.33812999992385,20,9.12358571428571,31.7238
88,2019-02-20,7.19578999965497,2.05623999956196,9',7.29612337662338,32.421
89,2019-02-21,7.17856999975306,2.04268999956421,3',7.29612337662338,32.421
90,2019-02-26,7.16950000009442,2.03093999971531,4',15.2207831168831,33.5133
91,2019-02-26,7.16950000009442,2.03093999971531,4',15.2207831168831,33.5133
92,2019-02-28,7.17855999966035,2.03454000001304,6',15.2207831168831,33.5133
93,2019-02-28,7.17855999966035,2.03454000001304,3',15.2207831168831,33.5133
94,2019-02-28,7.17855999966035,2.03454000001304,3',15.2207831168831,33.5133
95,2019-02-28,7.17855999966035,2.03454000001304,3',15.2207831168831,33.5133
96,2019-02-28,7.17855999966035,2.03454000001304,4',15.2207831168831,33.5133
97,2019-02-28,7.17855999966035,2.03454000001304,4',15.2207831168831,33.5133
98,2019-02-28,7.17855999966035,2.03454000001304,3',15.2207831168831,33.5133
99,2019-03-01,9.35300000035687,2.63299000032536,15,15.2207831168831,33.5133
100,2019-03-03,9.32583000023574,2.59931999992119,null,15.2207831168831,33.5133
101,2019-03-03,9.32583000023574,2.59749999968086,null,15.2207831168831,33.5133
102,2019-03-03,9.32583000023574,2.59749999968086,null,15.2207831168831,33.5133
103,2019-03-03,9.32673000012962,2.59841000025019,null,15.2207831168831,33.5133
104,2019-03-14,6.63332999967577,1.71182999977859,null,20.7116363636364,35.0546
105,2019-03-18,9.35028000022965,2.63299000032536,null,21.6696558441558,36.9679
106,2019-03-18,9.3511900000127,2.63299000032536,27,21.6696558441558,36.9679
107,2019-03-19,6.73559999995815,2.1648300004132,6',21.6696558441558,36.9679
108,2019-03-23,7.3666499999459,2.61310000007272,null,21.6696558441558,36.9679
109,2019-03-29,6.63242000009039,1.71092000010755,null,28.8302727272727,39.0731
110,2019-04-22,9.35300000035687,2.631170000085,null,30.7216116883117,43.2655
111,2019-04-30,7.60091999994752,2.59475999972374,null,47.2835207792208,45.3171
112,2019-05-03,6.54321999961108,2.35417999967922,null,47.2835207792208,45.3171
113,2019-05-03,6.54321999961108,2.35417999967922,null,47.2835207792208,45.3171
114,2019-05-10,6.36969000020195,2.48098000028481,null,45.9982597402598,47.2587
115,2019-05-10,6.36969000020195,2.48098000028481,null,45.9982597402598,47.2587
116,2019-05-10,6.36969000020195,2.48098000028481,null,45.9982597402598,47.2587
117,2019-05-10,6.36969000020195,2.48098000028481,null,45.9982597402598,47.2587
118,2019-05-10,6.36969000020195,2.48098000028481,null,45.9982597402598,47.2587
119,2019-05-10,6.36969000020195,2.48098000028481,null,45.9982597402598,47.2587
120,2019-05-10,6.36969000020195,2.48098000028481,null,45.9982597402598,47.2587
121,2019-05-10,6.36969000020195,2.48098000028481,null,45.9982597402598,47.2587
122,2019-05-10,6.36969000020195,2.4782699995666,null,45.9982597402598,47.2587
123,2019-05-10,6.36969000020195,2.4782699995666,null,45.9982597402598,47.2587
124,2019-05-10,6.36878000007405,2.47647000031604,null,45.9982597402598,47.2587
125,2019-05-10,6.36969000020195,2.48098000028481,null,45.9982597402598,47.2587
126,2019-05-10,6.36969000020195,2.48098000028481,null,45.9982597402598,47.2587
127,2019-05-10,6.36969000020195,2.48098000028481,null,45.9982597402598,47.2587
128,2019-05-10,6.36969000020195,2.48098000028481,null,45.9982597402598,47.2587
129,2019-05-10,6.36969000020195,2.48098000028481,null,45.9982597402598,47.2587
130,2019-05-10,6.36969000020195,2.48098000028481,null,45.9982597402598,47.2587
131,2019-05-10,6.36969000020195,2.48098000028481,null,45.9982597402598,47.2587
132,2019-05-10,6.36878000007405,2.4782699995666,null,45.9982597402598,47.2587
133,2019-05-10,6.36969000020195,2.4782699995666,null,45.9982597402598,47.2587
134,2019-05-10,6.37059999960923,2.48370000015045,null,45.9982597402598,47.2587
135,2019-05-10,6.36969000020195,2.48098000028481,null,45.9982597402598,47.2587
136,2019-05-10,6.36969000020195,2.48098000028481,null,45.9982597402598,47.2587
137,2019-05-10,6.36969000020195,2.48098000028481,null,45.9982597402598,47.2587
138,2019-05-10,6.37150000020241,2.4855000002993,null,45.9982597402598,47.2587
139,2019-05-10,6.36969000020195,2.48098000028481,80,45.9982597402598,47.2587
140,2019-05-10,6.36969000020195,2.4782699995666,null,45.9982597402598,47.2587
141,2019-05-10,6.36878000007405,2.48099000033053,null,45.9982597402598,47.2587
142,2019-05-10,6.36969000020195,2.48098000028481,null,45.9982597402598,47.2587
143,2019-05-10,6.36969000020195,2.48098000028481,null,45.9982597402598,47.2587
144,2019-05-10,6.36969000020195,2.48098000028481,null,45.9982597402598,47.2587
145,2019-05-10,6.36969000020195,2.48098000028481,null,45.9982597402598,47.2587
146,2019-05-10,6.36969000020195,2.48098000028481,null,45.9982597402598,47.2587
147,2019-05-10,6.36969000020195,2.48098000028481,null,45.9982597402598,47.2587
148,2019-05-10,6.36969000020195,2.48098000028481,null,45.9982597402598,47.2587
149,2019-05-10,6.36969000020195,2.48098000028481,null,45.9982597402598,47.2587
150,2019-05-10,6.36969000020195,2.48098000028481,null,45.9982597402598,47.2587
151,2019-05-10,6.36969000020195,2.48098000028481,null,45.9982597402598,47.2587
152,2019-05-10,6.36969000020195,2.48098000028481,null,45.9982597402598,47.2587
153,2019-05-10,6.36969000020195,2.48098000028481,null,45.9982597402598,47.2587
154,2019-05-10,6.36969000020195,2.48098000028481,null,45.9982597402598,47.2587
155,2019-05-10,6.36969000020195,2.48098000028481,null,45.9982597402598,47.2587
156,2019-05-10,6.36969000020195,2.48098000028481,null,45.9982597402598,47.2587
157,2019-05-10,6.36969000020195,2.48098000028481,null,45.9982597402598,47.2587
158,2019-05-10,6.36969000020195,2.48098000028481,null,45.9982597402598,47.2587
159,2019-05-10,6.36969000020195,2.48098000028481,null,45.9982597402598,47.2587
160,2019-05-10,6.37150000020241,2.47918000013593,null,45.9982597402598,47.2587
161,2019-05-10,6.36969000020195,2.48098000028481,null,45.9982597402598,47.2587
162,2019-05-10,6.36969000020195,2.48098000028481,null,45.9982597402598,47.2587
163,2019-05-10,6.36969000020195,2.48098000028481,null,45.9982597402598,47.2587
164,2019-05-10,6.36969000020195,2.48098000028481,null,45.9982597402598,47.2587
165,2019-05-10,6.36969000020195,2.48098000028481,null,45.9982597402598,47.2587
166,2019-05-10,6.36969000020195,2.48098000028481,null,45.9982597402598,47.2587
167,2019-05-10,6.36969000020195,2.48098000028481,null,45.9982597402598,47.2587
168,2019-05-10,6.36969000020195,2.48098000028481,null,45.9982597402598,47.2587
169,2019-05-10,6.36969000020195,2.48098000028481,null,45.9982597402598,47.2587
170,2019-05-10,6.36969000020195,2.48098000028481,null,45.9982597402598,47.2587
171,2019-05-10,6.36969000020195,2.48098000028481,null,45.9982597402598,47.2587
172,2019-05-10,6.36969000020195,2.48098000028481,null,45.9982597402598,47.2587
173,2019-05-10,6.36969000020195,2.48098000028481,null,45.9982597402598,47.2587
174,2019-05-10,6.36969000020195,2.48098000028481,null,45.9982597402598,47.2587
175,2019-05-10,6.36969000020195,2.48098000028481,null,45.9982597402598,47.2587
176,2019-05-14,6.54141000027535,2.35598999987382,null,45.9982597402598,47.2587
177,2019-05-14,6.54231999990803,2.35598999987382,null,45.9982597402598,47.2587
178,2019-05-28,6.38849999971587,2.31821000043231,15,62.1443662337662,50.7229
179,2019-05-30,6.40375000015474,2.23047999977917,10,62.1443662337662,50.7229
180,2019-06-07,6.41746999983021,2.33897000017299,null,60.893738961039,51.9983
181,2019-06-07,6.41476000043508,2.33897000017299,null,60.893738961039,51.9983
182,2019-06-13,6.36424000025914,2.45658000006344,null,60.893738961039,51.9983
183,2019-06-13,6.36424000025914,2.45658000006344,null,60.893738961039,51.9983
184,2019-06-13,6.36424000025914,2.45839000025804,null,60.893738961039,51.9983
185,2019-06-13,6.36424000025914,2.4601900004069,null,60.893738961039,51.9983
186,2019-06-13,6.36424000025914,2.45928999988332,null,60.893738961039,51.9983
187,2019-06-13,6.36515000039801,2.46380999989781,null,60.893738961039,51.9983
188,2019-06-13,6.36424000025914,2.45839000025804,null,60.893738961039,51.9983
189,2019-06-13,6.36424000025914,2.45839000025804,null,60.893738961039,51.9983
190,2019-06-13,6.36424000025914,2.45839000025804,null,60.893738961039,51.9983
191,2019-06-13,6.36424000025914,2.45839000025804,null,60.893738961039,51.9983
192,2019-06-13,6.36424000025914,2.45839000025804,null,60.893738961039,51.9983
193,2019-06-13,6.36424000025914,2.4601900004069,null,60.893738961039,51.9983
194,2019-06-18,6.41114000025247,2.34350000023324,null,58.1032883116883,53.0247
195,2019-06-18,6.41656999981139,2.33986999979827,null,58.1032883116883,53.0247
196,2019-06-18,6.41656999981139,2.33986999979827,null,58.1032883116883,53.0247
197,2019-06-18,6.41566000008031,2.33987999984402,null,58.1032883116883,53.0247
198,2019-07-01,6.41204000004052,2.34169000003863,null,56.1264662337662,53.8446
199,2019-07-01,6.42018999980293,2.34167999999287,null,56.1264662337662,53.8446
200,2019-07-01,6.42018999980293,2.34167999999287,null,56.1264662337662,53.8446
201,2019-07-01,6.42018999980293,2.34167999999287,null,56.1264662337662,53.8446
202,2019-07-01,6.42108999967343,2.34257999961815,null,56.1264662337662,53.8446
203,2019-07-01,6.41566000008031,2.33987999984402,null,56.1264662337662,53.8446
204,2019-07-01,6.41294999998634,2.33897000017299,null,56.1264662337662,53.8446
205,2019-07-01,6.41294999998634,2.33897000017299,null,56.1264662337662,53.8446
206,2019-07-01,6.41204000004052,2.34169000003863,null,56.1264662337662,53.8446
207,2019-07-01,6.41566000008031,2.34167999999287,null,56.1264662337662,53.8446
208,2019-07-01,6.4220000004144,2.34620000000737,null,56.1264662337662,53.8446
209,2019-07-01,6.41204000004052,2.34169000003863,null,56.1264662337662,53.8446
210,2019-07-01,6.41204000004052,2.34169000003863,null,56.1264662337662,53.8446
211,2019-07-01,6.41204000004052,2.34169000003863,null,56.1264662337662,53.8446
212,2019-07-01,6.41294999998634,2.34258999966391,null,56.1264662337662,53.8446
213,2019-07-01,6.41294999998634,2.34258999966391,null,56.1264662337662,53.8446
214,2019-07-01,6.41566000008031,2.3407800003676,null,56.1264662337662,53.8446
215,2019-07-01,6.42018999980293,2.34167999999287,null,56.1264662337662,53.8446
216,2019-07-01,6.4220000004144,2.34620000000737,null,56.1264662337662,53.8446
217,2019-07-08,6.36596999994669,2.38875999975439,null,55.818487012987,54.4081
218,2019-07-08,6.36596999994669,2.38875999975439,null,55.818487012987,54.4081
219,2019-07-08,6.36596999994669,2.38875999975439,null,55.818487012987,54.4081
220,2019-08-13,6.38495000001284,2.37789000033762,null,49.2276701298701,55.2875
221,2019-08-13,6.38404999982296,2.37789000033762,null,49.2276701298701,55.2875
222,2019-08-18,10.2716799998008,1.3774199999239,3',59.527187012987,55.4393
223,2019-08-18,10.2680699996036,1.37744000001538,9',59.527187012987,55.4393
224,2019-08-18,10.2716799998008,1.3774199999239,7',59.527187012987,55.4393
225,2019-08-18,10.2680699996036,1.37834999968642,5',59.527187012987,55.4393
226,2019-08-18,10.2707800000284,1.37742999996966,4',59.527187012987,55.4393
227,2019-08-18,10.2698800003461,1.37742999996966,3',59.527187012987,55.4393
228,2019-08-18,10.2698800003461,1.37742999996966,9',59.527187012987,55.4393
229,2019-08-18,10.2716799998008,1.3774199999239,7',59.527187012987,55.4393
230,2019-08-18,10.2698800003461,1.37742999996966,9',59.527187012987,55.4393
231,2019-08-19,10.2689700000175,1.37742999996966,3',59.527187012987,55.4393
232,2019-08-21,10.3051199999864,1.37360000041644,11,59.527187012987,55.4393
233,2019-08-22,10.3051400000529,1.37725000004459,null,59.527187012987,55.4393
234,2019-08-27,9.35029000036681,2.6402800004342,null,55.4485948051948,55.5117
235,2019-08-27,9.34667000018565,2.63936999986487,20,55.4485948051948,55.5117
236,2019-08-27,9.3548100001471,2.63662999990776,15,55.4485948051948,55.5117
237,2019-08-28,6.50279000040064,2.61923000026531,null,55.4485948051948,55.5117
238,2019-08-31,9.36565000016769,2.6229600002594,2',55.4485948051948,55.5117
239,2019-08-31,9.36384000009157,2.6229600002594,9',55.4485948051948,55.5117
240,2019-09-01,9.35301000041589,2.6439200000166,12,55.4485948051948,55.5117
241,2019-09-02,6.42198999973825,2.33444000011274,null,55.4485948051948,55.5117
242,2019-09-02,6.42198999973825,2.33444000011274,null,55.4485948051948,55.5117
243,2019-09-02,6.42198999973825,2.33444000011274,null,55.4485948051948,55.5117
244,2019-09-02,6.42198999973825,2.33444000011274,null,55.4485948051948,55.5117
245,2019-09-02,6.42198999973825,2.33444000011274,null,55.4485948051948,55.5117
246,2019-09-02,6.42198999973825,2.33444000011274,null,55.4485948051948,55.5117
247,2019-09-02,6.42107999987206,2.33534999978378,null,55.4485948051948,55.5117
248,2019-09-02,6.42198999973825,2.33444000011274,null,55.4485948051948,55.5117
249,2019-09-03,9.53688999967914,1.90663999976566,null,55.4485948051948,55.5117
250,2019-09-04,6.54412000037001,2.34604000017381,null,55.4485948051948,55.5117
251,2019-09-04,6.54412000037001,2.34604000017381,null,55.4485948051948,55.5117
252,2019-09-04,6.54412000037001,2.34604000017381,null,55.4485948051948,55.5117
253,2019-09-04,6.54502000039965,2.34874999999369,null,55.4485948051948,55.5117
254,2019-09-04,6.54502000039965,2.34241999978459,null,55.4485948051948,55.5117
255,2019-09-04,6.54502000039965,2.34241999978459,null,55.4485948051948,55.5117
256,2019-09-04,6.54502000039965,2.34241999978459,null,55.4485948051948,55.5117
257,2019-09-04,6.55133999959122,2.33969999991895,null,55.4485948051948,55.5117
258,2019-09-04,6.54591999969976,2.34060999958999,null,55.4485948051948,55.5117
259,2019-09-04,6.55860000041743,2.35144999976786,null,55.4485948051948,55.5117
260,2019-09-04,6.43014999963131,2.34889999978153,null,55.4485948051948,55.5117
261,2019-09-04,6.54412000037001,2.34604000017381,null,55.4485948051948,55.5117
262,2019-09-04,6.54412000037001,2.34604000017381,null,55.4485948051948,55.5117
263,2019-09-04,6.54502000039965,2.34693999979909,null,55.4485948051948,55.5117
264,2019-09-04,6.54502000039965,2.34874999999369,null,55.4485948051948,55.5117
265,2019-09-04,6.54411000033083,2.34241999978459,null,55.4485948051948,55.5117
266,2019-09-04,6.54502000039965,2.34241999978459,null,55.4485948051948,55.5117
267,2019-09-04,6.5450100003785,2.34060999958999,null,55.4485948051948,55.5117
268,2019-09-04,6.53235999988684,2.35058000027981,null,55.4485948051948,55.5117
269,2019-09-04,6.43104999973556,2.35251000012502,null,55.4485948051948,55.5117
270,2019-09-04,6.43014999963131,2.35070999997614,null,55.4485948051948,55.5117
271,2019-09-04,6.54411000033083,2.34333000035392,null,55.4485948051948,55.5117
272,2019-09-04,6.54502000039965,2.34693999979909,null,55.4485948051948,55.5117
273,2019-09-04,6.54502000039965,2.34874999999369,null,55.4485948051948,55.5117
274,2019-09-04,6.54502000039965,2.34241999978459,null,55.4485948051948,55.5117
275,2019-09-04,6.54502000039965,2.34152000015932,null,55.4485948051948,55.5117
276,2019-09-04,6.54591999969976,2.34060999958999,null,55.4485948051948,55.5117
277,2019-09-04,6.43014999963131,2.34889999978153,1',55.4485948051948,55.5117
278,2019-09-04,6.43014999963131,2.34889999978153,4',55.4485948051948,55.5117
279,2019-09-04,6.42924000007812,2.35070999997614,null,55.4485948051948,55.5117
280,2019-09-04,6.42924000007812,2.35070999997614,4',55.4485948051948,55.5117
281,2019-09-04,6.54230999983279,2.34876000003945,null,55.4485948051948,55.5117
282,2019-09-04,6.54502000039965,2.34241999978459,null,55.4485948051948,55.5117
283,2019-09-04,6.55133999959122,2.33969999991895,null,55.4485948051948,55.5117
284,2019-09-04,6.54140000018193,2.34333000035392,null,55.4485948051948,55.5117
285,2019-09-04,6.54502000039965,2.34152000015932,null,55.4485948051948,55.5117
286,2019-09-04,6.55224999986575,2.33879000024792,null,55.4485948051948,55.5117
287,2019-09-04,6.54591999969976,2.34060999958999,null,55.4485948051948,55.5117
288,2019-09-04,6.54141000027535,2.34785000036842,null,55.4485948051948,55.5117
289,2019-09-04,6.54773999961396,2.35145999981358,null,55.4485948051948,55.5117
290,2019-09-04,6.43014999963131,2.34889999978153,null,55.4485948051948,55.5117
291,2019-09-04,6.42924000007812,2.35070999997614,null,55.4485948051948,55.5117
292,2019-09-04,6.42924000007812,2.35070999997614,3',55.4485948051948,55.5117
293,2019-09-04,6.54412000037001,2.34604000017381,null,55.4485948051948,55.5117
294,2019-09-04,6.54411000033083,2.34333000035392,null,55.4485948051948,55.5117
295,2019-09-04,6.54411000033083,2.34333000035392,null,55.4485948051948,55.5117
296,2019-09-04,6.54502000039965,2.34693999979909,null,55.4485948051948,55.5117
297,2019-09-04,6.54502000039965,2.34152000015932,null,55.4485948051948,55.5117
298,2019-09-04,6.50640000033423,2.61922000021955,null,55.4485948051948,55.5117
299,2019-09-04,6.43014999963131,2.34889999978153,6',55.4485948051948,55.5117
300,2019-09-04,6.38679999979926,2.40773000029027,26,55.4485948051948,55.5117
301,2019-09-05,6.50096999962468,2.61018000019057,4',55.4485948051948,55.5117
302,2019-09-05,6.49917000038101,2.62012999989058,4',55.4485948051948,55.5117
303,2019-09-05,6.50368999970294,2.6174200000707,null,55.4485948051948,55.5117
304,2019-09-05,6.48921999980216,2.62013999993634,null,55.4485948051948,55.5117
305,2019-09-05,6.38504999973786,2.46741000019555,4',55.4485948051948,55.5117
306,2019-09-05,6.50006999991568,2.61832999974173,9',55.4485948051948,55.5117
307,2019-09-05,6.5036799997493,2.61018000019057,4',55.4485948051948,55.5117
308,2019-09-05,6.496619999797,2.05580000024424,null,55.4485948051948,55.5117
309,2019-09-05,6.49103000002955,2.62013999993634,null,55.4485948051948,55.5117
310,2019-09-05,6.49103000002955,2.62013999993634,null,55.4485948051948,55.5117
311,2019-09-05,6.49826000006691,2.62103999956162,9',55.4485948051948,55.5117
312,2019-09-05,6.38504999973786,2.46741000019555,null,55.4485948051948,55.5117
313,2019-09-05,6.47619999967828,2.29366999957052,null,55.4485948051948,55.5117
314,2019-09-05,6.49643999985542,2.60747000037068,4',55.4485948051948,55.5117
315,2019-09-05,6.49826000006691,2.62194000008519,4',55.4485948051948,55.5117
316,2019-09-05,6.39031000023068,2.31911000005758,null,55.4485948051948,55.5117
317,2019-09-05,6.49826000006691,2.61923000026531,10,55.4485948051948,55.5117
318,2019-09-05,6.5036799997493,2.61018000019057,null,55.4485948051948,55.5117
319,2019-09-05,6.49917000038101,2.62012999989058,2',55.4485948051948,55.5117
320,2019-09-05,6.49826000006691,2.61923000026531,null,55.4485948051948,55.5117
321,2019-09-05,6.49917000038101,2.62012999989058,null,55.4485948051948,55.5117
322,2019-09-05,6.50006999991568,2.61832999974173,9',55.4485948051948,55.5117
323,2019-09-05,6.49917000038101,2.62012999989058,3',55.4485948051948,55.5117
324,2019-09-06,6.52450999965275,2.63097000006845,null,55.4485948051948,55.5117
325,2019-09-06,6.5942000001488,2.69243000003114,2',55.4485948051948,55.5117
326,2019-09-06,6.53080999958879,2.60021000039904,17,55.4485948051948,55.5117
327,2019-09-06,6.53171999976988,2.60201999969535,16,55.4485948051948,55.5117
328,2019-09-06,6.50280000037199,2.63640999979973,null,55.4485948051948,55.5117
329,2019-09-06,6.54079000035115,2.62824000015709,18,55.4485948051948,55.5117
330,2019-09-06,6.5453200000491,2.64994999975176,7',55.4485948051948,55.5117
331,2019-09-06,6.5942000001488,2.69243000003114,2',55.4485948051948,55.5117
332,2019-09-06,6.49104000023464,2.63551000017446,7',55.4485948051948,55.5117
333,2019-09-06,6.5453200000491,2.64994999975176,11,55.4485948051948,55.5117
334,2019-09-06,6.54079000035115,2.62824000015709,8',55.4485948051948,55.5117
335,2019-09-06,6.5453200000491,2.64994999975176,8',55.4485948051948,55.5117
336,2019-09-07,6.47619999967828,2.29366999957052,null,56.9985662337662,55.4647
337,2019-09-07,6.36871999958708,2.41679000041073,null,56.9985662337662,55.4647
338,2019-09-07,6.48794000033588,2.27647999999037,null,56.9985662337662,55.4647
339,2019-09-07,6.59057999982094,2.69061999983653,5',56.9985662337662,55.4647
340,2019-09-07,6.36871999958708,2.41769000003601,14,56.9985662337662,55.4647
341,2019-09-07,6.64216999992169,2.73311000016166,12,56.9985662337662,55.4647
342,2019-09-07,6.5942000001488,2.69243000003114,3',56.9985662337662,55.4647
343,2019-09-07,6.38865999958532,2.4565499999262,6',56.9985662337662,55.4647
344,2019-09-07,6.47168000008876,2.29096999979639,3',56.9985662337662,55.4647
345,2019-09-08,6.52630999994469,2.62282999966475,null,56.9985662337662,55.4647
346,2019-09-08,6.49915000029371,2.60023999963798,null,56.9985662337662,55.4647
347,2019-09-08,6.59238999971942,2.69243000003114,9',56.9985662337662,55.4647
348,2019-09-08,6.45182999998811,2.32898000028999,null,56.9985662337662,55.4647
349,2019-09-08,10.9189199997551,3.68999999975584,null,56.9985662337662,55.4647
350,2019-09-08,6.52630999994469,2.62282999966475,null,56.9985662337662,55.4647
351,2019-09-08,6.52630999994469,2.62282999966475,null,56.9985662337662,55.4647
352,2019-09-08,6.51002999986549,2.6300799995906,4',56.9985662337662,55.4647
353,2019-09-08,6.51002999986549,2.6300799995906,6',56.9985662337662,55.4647
354,2019-09-08,6.52629000004639,2.60201999969535,null,56.9985662337662,55.4647
355,2019-09-08,6.52629000004639,2.60201999969535,null,56.9985662337662,55.4647
356,2019-09-08,6.50550999955515,2.6300799995906,11,56.9985662337662,55.4647
357,2019-09-08,6.59238999971942,2.69243000003114,10,56.9985662337662,55.4647
358,2019-09-08,6.52629000004639,2.60201999969535,null,56.9985662337662,55.4647
359,2019-09-08,6.52629000004639,2.60201999969535,null,56.9985662337662,55.4647
360,2019-09-08,6.52629000004639,2.60201999969535,null,56.9985662337662,55.4647
361,2019-09-08,6.52630999994469,2.62282999966475,null,56.9985662337662,55.4647
362,2019-09-08,6.53353000027143,2.60473000041357,35,56.9985662337662,55.4647
363,2019-09-08,6.51002999986549,2.6300799995906,null,56.9985662337662,55.4647
364,2019-09-08,6.51002999986549,2.6300799995906,8',56.9985662337662,55.4647
365,2019-09-08,6.52629000004639,2.60201999969535,null,56.9985662337662,55.4647
366,2019-09-08,6.52629000004639,2.60201999969535,null,56.9985662337662,55.4647
367,2019-09-08,6.66115000037266,2.71682000020679,7',56.9985662337662,55.4647
368,2019-09-08,6.52630999994469,2.62282999966475,null,56.9985662337662,55.4647
369,2019-09-08,6.52630999994469,2.62282999966475,null,56.9985662337662,55.4647
370,2019-09-08,6.52630999994469,2.62282999966475,null,56.9985662337662,55.4647
371,2019-09-08,6.59238999971942,2.69243000003114,10,56.9985662337662,55.4647
372,2019-09-08,6.52629000004639,2.60201999969535,null,56.9985662337662,55.4647
373,2019-09-08,6.54618999970894,2.6020099996496,null,56.9985662337662,55.4647
374,2019-09-08,6.54709999955706,2.6020099996496,null,56.9985662337662,55.4647
375,2019-09-08,6.52990999986146,2.60382999988996,31,56.9985662337662,55.4647
376,2019-09-09,6.52720000041122,2.60201999969535,10,56.9985662337662,55.4647
377,2019-09-09,6.54437000039219,2.59024999975497,27,56.9985662337662,55.4647
378,2019-09-09,6.53804999956529,2.59748999963511,60,56.9985662337662,55.4647
379,2019-09-09,6.53804999956529,2.59748999963511,29,56.9985662337662,55.4647
380,2019-09-09,6.53985000023678,2.59024999975497,12,56.9985662337662,55.4647
381,2019-09-09,6.48744000014919,2.66084000015834,4',56.9985662337662,55.4647
382,2019-09-09,6.36961999990603,2.4158799998414,6',56.9985662337662,55.4647
383,2019-09-09,6.54347000008373,2.5911600003243,50,56.9985662337662,55.4647
384,2019-09-09,6.52630999994469,2.62373000018832,null,56.9985662337662,55.4647
385,2019-09-09,6.52630999994469,2.62373000018832,null,56.9985662337662,55.4647
386,2019-09-09,6.64216999992169,2.73311000016166,3',56.9985662337662,55.4647
387,2019-09-09,6.52629000004639,2.60201999969535,22,56.9985662337662,55.4647
388,2019-09-09,6.42924000007812,2.35070999997614,1',56.9985662337662,55.4647
389,2019-09-09,6.48469999995727,2.62013999993634,null,56.9985662337662,55.4647
390,2019-09-09,6.53804999956529,2.59748999963511,21,56.9985662337662,55.4647
391,2019-09-09,6.54076000003303,2.5893500001297,29,56.9985662337662,55.4647
392,2019-09-09,6.50008999996639,2.63821999999434,12,56.9985662337662,55.4647
393,2019-09-09,6.48469999995727,2.62013999993634,null,56.9985662337662,55.4647
394,2019-09-10,6.52630999994469,2.62282999966475,null,56.9985662337662,55.4647
395,2019-09-10,6.52630999994469,2.62282999966475,null,56.9985662337662,55.4647
396,2019-09-10,6.52720999989605,2.62282999966475,null,56.9985662337662,55.4647
397,2019-09-10,6.4220000004144,2.34620000000737,1',56.9985662337662,55.4647
398,2019-09-10,6.42834000034051,2.34889999978153,2',56.9985662337662,55.4647
399,2019-09-10,6.42924000007812,2.34980000030514,15,56.9985662337662,55.4647
400,2019-09-10,6.50732999995512,2.64455000020344,null,56.9985662337662,55.4647
401,2019-09-10,6.50547999980228,2.59842000029591,null,56.9985662337662,55.4647
402,2019-09-10,6.42472000028731,2.34709999963264,31,56.9985662337662,55.4647
403,2019-09-10,6.50278000042909,2.61108999986157,null,56.9985662337662,55.4647
404,2019-09-10,6.50278000042909,2.61108999986157,null,56.9985662337662,55.4647
405,2019-09-10,6.50278000042909,2.61108999986157,null,56.9985662337662,55.4647
406,2019-09-10,6.42743000022615,2.35070999997614,2',56.9985662337662,55.4647
407,2019-09-10,6.42743000022615,2.35070999997614,null,56.9985662337662,55.4647
408,2019-09-10,6.37952999981205,2.37969999963389,null,56.9985662337662,55.4647
409,2019-09-10,6.38233000007953,2.4574599995972,2',56.9985662337662,55.4647
410,2019-09-10,6.52630999994469,2.62282999966475,null,56.9985662337662,55.4647
411,2019-09-10,6.52630999994469,2.62282999966475,null,56.9985662337662,55.4647
412,2019-09-10,6.52630999994469,2.62282999966475,null,56.9985662337662,55.4647
413,2019-09-10,6.52630999994469,2.62282999966475,null,56.9985662337662,55.4647
414,2019-09-10,6.6014399999992,2.6897100001655,4',56.9985662337662,55.4647
415,2019-09-10,6.60325000037813,2.6897100001655,6',56.9985662337662,55.4647
416,2019-09-10,6.42562000018155,2.34709999963264,null,56.9985662337662,55.4647
417,2019-09-10,6.42834000034051,2.34889999978153,2',56.9985662337662,55.4647
418,2019-09-10,6.52629000004639,2.60201999969535,15,56.9985662337662,55.4647
419,2019-09-10,6.84384999968219,2.66149999958412,15,56.9985662337662,55.4647
420,2019-09-10,6.42110000036727,2.34620000000737,2',56.9985662337662,55.4647
421,2019-09-10,6.50189000037945,2.62917999996532,null,56.9985662337662,55.4647
422,2019-09-10,6.42472000028731,2.34709999963264,22,56.9985662337662,55.4647
423,2019-09-10,6.51632000000718,2.58033000019216,null,56.9985662337662,55.4647
424,2019-09-10,6.68040999979377,2.15586999985183,50,56.9985662337662,55.4647
425,2019-09-10,6.65936000015507,2.73944000037079,7',56.9985662337662,55.4647
426,2019-09-10,6.52630999994469,2.62282999966475,null,56.9985662337662,55.4647
427,2019-09-10,6.52629000004639,2.60201999969535,20,56.9985662337662,55.4647
428,2019-09-10,6.50279000040064,2.6237500002798,null,56.9985662337662,55.4647
429,2019-09-10,6.50547999980228,2.59842000029591,null,56.9985662337662,55.4647
430,2019-09-10,6.51632999970906,2.58304000001208,5',56.9985662337662,55.4647
431,2019-09-10,6.42562999989369,2.35070999997614,4',56.9985662337662,55.4647
432,2019-09-10,6.42560999957651,2.33804999955791,null,56.9985662337662,55.4647
433,2019-09-10,6.52630999994469,2.62282999966475,null,56.9985662337662,55.4647
434,2019-09-10,6.42562000018155,2.34709999963264,2',56.9985662337662,55.4647
435,2019-09-10,6.4220000004144,2.34620000000737,2',56.9985662337662,55.4647
436,2019-09-10,6.52629000004639,2.60201999969535,13,56.9985662337662,55.4647
437,2019-09-10,6.42834000034051,2.34981000035086,2',56.9985662337662,55.4647
438,2019-09-10,6.50547999980228,2.59842000029591,null,56.9985662337662,55.4647
439,2019-09-10,6.50278000042909,2.61108999986157,null,56.9985662337662,55.4647
440,2019-09-10,6.50278000042909,2.61108999986157,null,56.9985662337662,55.4647
441,2019-09-10,6.50278000042909,2.61108999986157,null,56.9985662337662,55.4647
442,2019-09-10,6.64487999976815,2.72948999977245,5',56.9985662337662,55.4647
443,2019-09-10,6.51727000025075,2.63820999994858,3',56.9985662337662,55.4647
444,2019-09-10,6.42924000007812,2.35070999997614,5',56.9985662337662,55.4647
445,2019-09-10,6.52630999994469,2.62282999966475,null,56.9985662337662,55.4647
446,2019-09-10,6.42834000034051,2.34889999978153,1',56.9985662337662,55.4647
447,2019-09-10,6.42834000034051,2.34889999978153,1',56.9985662337662,55.4647
448,2019-09-10,6.42834000034051,2.34889999978153,1',56.9985662337662,55.4647
449,2019-09-10,6.52448999968259,2.60473999956099,19,56.9985662337662,55.4647
450,2019-09-10,6.39040000029138,2.3923500000064,1',56.9985662337662,55.4647
451,2019-09-10,6.52629000004639,2.60201999969535,30,56.9985662337662,55.4647
452,2019-09-10,6.50007999994114,2.6300799995906,null,56.9985662337662,55.4647
453,2019-09-11,6.6457799997465,2.71230000019227,null,56.9985662337662,55.4647
454,2019-09-11,6.53171999976988,2.60292000021893,null,56.9985662337662,55.4647
455,2019-09-11,6.50641000023375,2.63279000030881,null,56.9985662337662,55.4647
456,2019-09-11,6.59510999962295,2.69332999965641,3',56.9985662337662,55.4647
457,2019-09-11,6.42380999994613,2.34709999963264,10,56.9985662337662,55.4647
458,2019-09-11,8.4240099996676,2.56760000035207,89,56.9985662337662,55.4647
459,2019-09-11,11.2917600001997,2.42916000040075,null,56.9985662337662,55.4647
460,2019-09-11,6.50550999955515,2.6300799995906,36,56.9985662337662,55.4647
461,2019-09-11,6.52720000041122,2.60293000026468,null,56.9985662337662,55.4647
462,2019-09-11,6.42291000042132,2.35072000002189,4',56.9985662337662,55.4647
463,2019-09-11,6.59510999962295,2.69332999965641,4',56.9985662337662,55.4647
464,2019-09-11,6.49464999970927,2.62284999975622,null,56.9985662337662,55.4647
465,2019-09-11,6.42380999994613,2.34709999963264,63,56.9985662337662,55.4647
466,2019-09-11,9.45529000011493,2.15919999981283,12,56.9985662337662,55.4647
467,2019-09-11,6.49890000002803,2.35242999975908,89,56.9985662337662,55.4647
468,2019-09-11,6.51002999986549,2.6300799995906,2',56.9985662337662,55.4647
469,2019-09-11,6.5570200001117,2.56401000010006,2',56.9985662337662,55.4647
470,2019-09-11,6.50641000023375,2.63279000030881,null,56.9985662337662,55.4647
471,2019-09-11,6.49464999970927,2.62284999975622,null,56.9985662337662,55.4647
472,2019-09-11,6.49464999970927,2.62284999975622,null,56.9985662337662,55.4647
473,2019-09-11,6.48745000042556,2.6789300002621,2',56.9985662337662,55.4647
474,2019-09-11,6.51632000000718,2.58033000019216,null,56.9985662337662,55.4647
475,2019-09-11,6.53171999976988,2.60292000021893,8',56.9985662337662,55.4647
476,2019-09-11,6.52266999994859,2.60293000026468,0',56.9985662337662,55.4647
477,2019-09-11,6.5199399995568,2.57941999962283,5',56.9985662337662,55.4647
478,2019-09-11,6.49464999970927,2.62284999975622,null,56.9985662337662,55.4647
479,2019-09-11,6.52629000004639,2.60201999969535,8',56.9985662337662,55.4647
480,2019-09-11,6.51632000000718,2.58033000019216,19,56.9985662337662,55.4647
481,2019-09-11,6.52266999994859,2.59841000025019,8',56.9985662337662,55.4647
482,2019-09-11,6.52720000041122,2.60293000026468,15,56.9985662337662,55.4647
483,2019-09-11,6.52266999994859,2.60112000007008,23,56.9985662337662,55.4647
484,2019-09-11,6.41474999961673,2.33534999978378,3',56.9985662337662,55.4647
485,2019-09-11,6.42923000043692,2.33985999975251,null,56.9985662337662,55.4647
486,2019-09-11,6.4337900002989,2.36697999983953,null,56.9985662337662,55.4647
487,2019-09-11,6.59510999962295,2.69332999965641,5',56.9985662337662,55.4647
488,2019-09-11,6.51362000001456,2.59298999971209,7',56.9985662337662,55.4647
489,2019-09-11,6.49464999970927,2.62284999975622,null,56.9985662337662,55.4647
490,2019-09-11,6.49464999970927,2.62284999975622,null,56.9985662337662,55.4647
491,2019-09-11,6.49464999970927,2.62284999975622,null,56.9985662337662,55.4647
492,2019-09-11,6.49464999970927,2.62284999975622,null,56.9985662337662,55.4647
493,2019-09-11,6.65934999976664,2.71953000002667,2',56.9985662337662,55.4647
494,2019-09-11,6.6457799997465,2.71230000019227,30,56.9985662337662,55.4647
495,2019-09-12,6.50550999955515,2.6300799995906,null,56.9985662337662,55.4647
496,2019-09-12,6.50641000023375,2.63279000030881,null,56.9985662337662,55.4647
497,2019-09-12,6.50732000007393,2.63098000011421,null,56.9985662337662,55.4647
498,2019-09-12,6.50007999994114,2.6300799995906,15,56.9985662337662,55.4647
499,2019-09-12,6.50642000013307,2.64363999963411,89,56.9985662337662,55.4647
500,2019-09-12,6.60052999966051,2.68880999964192,2',56.9985662337662,55.4647
501,2019-09-12,6.52630999994469,2.62282999966475,null,56.9985662337662,55.4647
502,2019-09-12,6.5055200003649,2.64092999981422,57,56.9985662337662,55.4647
503,2019-09-12,6.51184000015909,2.63279000030881,null,56.9985662337662,55.4647
504,2019-09-12,6.49556000030498,2.63460999965085,11,56.9985662337662,55.4647
505,2019-09-12,6.52630999994469,2.62282999966475,null,56.9985662337662,55.4647
506,2019-09-12,6.52630999994469,2.62191999999371,null,56.9985662337662,55.4647
507,2019-09-12,6.50550999955515,2.6300799995906,36,56.9985662337662,55.4647
508,2019-09-12,6.50641000023375,2.63279000030881,null,56.9985662337662,55.4647
509,2019-09-12,6.50641000023375,2.63279000030881,null,56.9985662337662,55.4647
510,2019-09-12,6.53445000020059,2.62914999982809,8',56.9985662337662,55.4647
511,2019-09-12,6.50732000007393,2.63098000011421,null,56.9985662337662,55.4647
512,2019-09-12,6.50732000007393,2.63098000011421,58,56.9985662337662,55.4647
513,2019-09-12,6.50732000007393,2.63098000011421,35,56.9985662337662,55.4647
514,2019-09-12,6.48108000019177,2.62196000017667,11,56.9985662337662,55.4647
515,2019-09-12,6.49890000002803,2.35333000028265,10,56.9985662337662,55.4647
516,2019-09-12,6.50071000025106,2.35242999975908,10,56.9985662337662,55.4647
517,2019-09-12,6.50252000020645,2.35785000029718,10,56.9985662337662,55.4647
518,2019-09-12,6.52630999994469,2.62282999966475,null,56.9985662337662,55.4647
519,2019-09-12,6.52630999994469,2.62282999966475,null,56.9985662337662,55.4647
520,2019-09-12,6.52630999994469,2.62282999966475,null,56.9985662337662,55.4647
521,2019-09-12,6.52720999989605,2.62282999966475,null,56.9985662337662,55.4647
522,2019-09-12,6.50641000023375,2.63279000030881,5',56.9985662337662,55.4647
523,2019-09-12,6.50732000007393,2.63098000011421,86,56.9985662337662,55.4647
524,2019-09-12,6.50642000013307,2.64274000000883,28,56.9985662337662,55.4647
525,2019-09-12,6.51637000029971,2.63731000032331,58,56.9985662337662,55.4647
526,2019-09-12,6.52630999994469,2.62282999966475,null,56.9985662337662,55.4647
527,2019-09-12,6.52720999989605,2.62282999966475,null,56.9985662337662,55.4647
528,2019-09-12,6.52811000001486,2.61016000009909,32,56.9985662337662,55.4647
529,2019-09-12,6.50007999994114,2.6300799995906,8',56.9985662337662,55.4647
530,2019-09-12,6.48469999995727,2.62919000001108,7',56.9985662337662,55.4647
531,2019-09-12,6.52630999994469,2.62373000018832,null,56.9985662337662,55.4647
532,2019-09-12,6.74525999971734,2.6823799998737,8',56.9985662337662,55.4647
533,2019-09-13,6.50822000018728,2.62735999972499,35,56.9985662337662,55.4647
534,2019-09-13,6.50822000018728,2.62735999972499,5',56.9985662337662,55.4647
535,2019-09-13,6.50822000018728,2.62735999972499,25,56.9985662337662,55.4647
536,2019-09-13,6.50822000018728,2.62735999972499,5',56.9985662337662,55.4647
537,2019-09-13,6.45366000041273,2.34343999995877,null,56.9985662337662,55.4647
538,2019-09-13,6.42560999957651,2.33896000012724,null,56.9985662337662,55.4647
539,2019-09-13,6.50641000023375,2.63279000030881,null,56.9985662337662,55.4647
540,2019-09-13,6.50732000007393,2.63098000011421,null,56.9985662337662,55.4647
541,2019-09-13,6.50822000018728,2.62735999972499,null,56.9985662337662,55.4647
542,2019-09-13,6.50822000018728,2.62735999972499,25,56.9985662337662,55.4647
543,2019-09-13,6.50822000018728,2.62735999972499,25,56.9985662337662,55.4647
544,2019-09-13,6.51092999958455,2.62011999984483,25,56.9985662337662,55.4647
545,2019-09-13,6.47203000004868,2.62557999966759,13,56.9985662337662,55.4647
546,2019-09-13,6.50550999955515,2.6300799995906,25,56.9985662337662,55.4647
547,2019-09-13,6.50822000018728,2.62735999972499,58,56.9985662337662,55.4647
548,2019-09-13,6.50822000018728,2.62735999972499,null,56.9985662337662,55.4647
549,2019-09-13,6.50641000023375,2.63279000030881,null,56.9985662337662,55.4647
550,2019-09-13,6.50822000018728,2.62735999972499,null,56.9985662337662,55.4647
551,2019-09-13,6.50822000018728,2.62735999972499,58,56.9985662337662,55.4647
552,2019-09-13,6.47203000004868,2.62557999966759,18,56.9985662337662,55.4647
553,2019-09-13,6.49463000033486,2.60475999965247,3',56.9985662337662,55.4647
554,2019-09-13,6.50641000023375,2.63279000030881,null,56.9985662337662,55.4647
555,2019-09-13,6.50732000007393,2.63098000011421,65,56.9985662337662,55.4647
556,2019-09-13,6.50732000007393,2.63098000011421,56,56.9985662337662,55.4647
557,2019-09-13,6.50822000018728,2.62735999972499,56,56.9985662337662,55.4647
558,2019-09-13,6.47203000004868,2.62557999966759,9',56.9985662337662,55.4647
559,2019-09-13,6.50006999991568,2.61199000038518,10,56.9985662337662,55.4647
560,2019-09-14,6.49256999981997,2.35966999963921,null,56.9985662337662,55.4647
561,2019-09-14,6.49256999981997,2.35966999963921,10,56.9985662337662,55.4647
562,2019-09-14,6.461749999712,2.30544999955665,null,56.9985662337662,55.4647
563,2019-09-14,9.33583000008201,2.64667000001947,4',56.9985662337662,55.4647
564,2019-09-14,8.99936000023512,2.64699999973234,3',56.9985662337662,55.4647
565,2019-09-14,6.43182000001793,2.24762000002894,10,56.9985662337662,55.4647
566,2019-09-14,6.45533000018624,2.2448700000261,10,56.9985662337662,55.4647
567,2019-09-14,6.48895000035973,2.35877000001393,null,56.9985662337662,55.4647
568,2019-09-14,6.39204000031062,2.2639500001668,null,56.9985662337662,55.4647
569,2019-09-14,6.461749999712,2.30544999955665,null,56.9985662337662,55.4647
570,2019-09-14,6.45907999988598,2.33801000027325,null,56.9985662337662,55.4647
571,2019-09-14,6.52719000003371,2.60021000039904,12,56.9985662337662,55.4647
572,2019-09-14,9.33583000008201,2.64667000001947,null,56.9985662337662,55.4647
573,2019-09-14,6.46445999997849,2.30816000027487,null,56.9985662337662,55.4647
574,2019-09-14,9.33583000008201,2.64576000034844,null,56.9985662337662,55.4647
575,2019-09-14,6.52629000004639,2.60201999969535,11,56.9985662337662,55.4647
576,2019-09-14,6.52719000003371,2.60021000039904,30,56.9985662337662,55.4647
577,2019-09-15,6.7915399999179,2.086909999718,8',56.9985662337662,55.4647
578,2019-09-15,6.49437999960833,2.35877000001393,null,56.9985662337662,55.4647
579,2019-09-16,6.51180999989183,2.59027999989221,10,56.9985662337662,55.4647
580,2019-09-16,9.37923999987317,2.64934999970212,6',56.9985662337662,55.4647
581,2019-09-16,9.33402000001818,2.64849000025983,6',56.9985662337662,55.4647
582,2019-09-16,9.33402000001818,2.64849000025983,null,56.9985662337662,55.4647
583,2019-09-16,9.33762000038147,2.63574000032823,2',56.9985662337662,55.4647
584,2019-09-16,9.3249699997045,2.64577000039419,11,56.9985662337662,55.4647
585,2019-09-16,9.20248999973202,2.37188999984139,5',56.9985662337662,55.4647
586,2019-09-16,9.33492000004942,2.64210999982199,null,56.9985662337662,55.4647
587,2019-09-16,9.20339999992572,2.37280000041072,8',56.9985662337662,55.4647
588,2019-09-16,9.20339999992572,2.37280000041072,1',56.9985662337662,55.4647
589,2019-09-16,9.2015899998002,2.37462999979851,4',56.9985662337662,55.4647
590,2019-09-16,9.2015899998002,2.37462999979851,10,56.9985662337662,55.4647
591,2019-09-16,9.2015899998002,2.37462999979851,5',56.9985662337662,55.4647
592,2019-09-16,9.2015899998002,2.37462999979851,1',56.9985662337662,55.4647
593,2019-09-16,9.19888999956619,2.37735999970987,1',56.9985662337662,55.4647
594,2019-09-16,6.50909999988907,2.5947999999067,12,56.9985662337662,55.4647
595,2019-09-16,9.23055000011339,2.38094999996188,7',56.9985662337662,55.4647
596,2019-09-16,9.37743999998658,2.65117999998821,6',56.9985662337662,55.4647
597,2019-09-16,9.38015000002311,2.65117999998821,10,56.9985662337662,55.4647
598,2019-09-16,9.37834000021101,2.64935999974788,2',56.9985662337662,55.4647
599,2019-09-16,6.53080999958879,2.60021000039904,28,56.9985662337662,55.4647
600,2019-09-16,6.53080999958879,2.60021000039904,18,56.9985662337662,55.4647
601,2019-09-16,9.33402000001818,2.64757999969047,5',56.9985662337662,55.4647
602,2019-09-16,9.33402000001818,2.64849000025983,2',56.9985662337662,55.4647
603,2019-09-16,9.33672999987147,2.64667000001947,2',56.9985662337662,55.4647
604,2019-09-16,9.32949000004026,2.64484999977911,11,56.9985662337662,55.4647
605,2019-09-16,9.33402000001818,2.64939999993083,1',56.9985662337662,55.4647
606,2019-09-16,9.3312999996887,2.64121000019671,2',56.9985662337662,55.4647
607,2019-09-16,9.33402000001818,2.64394000010808,null,56.9985662337662,55.4647
608,2019-09-16,9.33762999999584,2.64483999973335,null,56.9985662337662,55.4647
609,2019-09-16,9.22963999983731,2.38004000029085,6',56.9985662337662,55.4647
610,2019-09-16,6.41653000024976,2.31546000042947,null,56.9985662337662,55.4647
611,2019-09-16,9.23143999984586,2.37365999985301,4',56.9985662337662,55.4647
612,2019-09-16,9.37923999987317,2.6448000004487,7',56.9985662337662,55.4647
613,2019-09-16,9.37743999998658,2.65117999998821,5',56.9985662337662,55.4647
614,2019-09-16,9.37743999998658,2.65208999965924,3',56.9985662337662,55.4647
615,2019-09-16,9.33402000001818,2.64849000025983,8',56.9985662337662,55.4647
616,2019-09-16,9.33762999999584,2.64302000039132,6',56.9985662337662,55.4647
617,2019-09-16,9.33943999992426,2.63755999967027,4',56.9985662337662,55.4647
618,2019-09-16,9.33583000008201,2.64576000034844,3',56.9985662337662,55.4647
619,2019-09-16,9.20339999992572,2.37371000008172,3',56.9985662337662,55.4647
620,2019-09-16,9.33582000041601,2.64484999977911,2',56.9985662337662,55.4647
621,2019-09-16,9.20249999964944,2.37372000012747,5',56.9985662337662,55.4647
622,2019-09-16,9.22693000021746,2.38096000000761,5',56.9985662337662,55.4647
623,2019-09-16,9.37200000031977,2.63843000005661,2',56.9985662337662,55.4647
624,2019-09-16,9.3792500000631,2.65117999998821,3',56.9985662337662,55.4647
625,2019-09-16,6.38955999970425,2.44750999989719,null,56.9985662337662,55.4647
626,2019-09-16,9.33583000008201,2.64849000025983,10,56.9985662337662,55.4647
627,2019-09-16,9.20339999992572,2.37371000008172,9',56.9985662337662,55.4647
628,2019-09-16,9.20339999992572,2.37280000041072,4',56.9985662337662,55.4647
629,2019-09-16,9.33582000041601,2.64484999977911,6',56.9985662337662,55.4647
630,2019-09-16,9.33672999987147,2.64484999977911,3',56.9985662337662,55.4647
631,2019-09-16,6.51090999996534,2.59298999971209,17,56.9985662337662,55.4647
632,2019-09-16,9.22963999983731,2.38004000029085,9',56.9985662337662,55.4647
633,2019-09-16,9.23235999986756,2.38185999963288,3',56.9985662337662,55.4647
634,2019-09-16,9.23325000035034,2.37365999985301,9',56.9985662337662,55.4647
635,2019-09-16,9.37834000021101,2.65117999998821,3',56.9985662337662,55.4647
636,2019-09-16,9.33583000008201,2.65395000008256,5',56.9985662337662,55.4647
637,2019-09-16,9.33402000001818,2.64849000025983,3',56.9985662337662,55.4647
638,2019-09-16,9.33492000004942,2.64484999977911,9',56.9985662337662,55.4647
639,2019-09-16,9.2006900002385,2.37462999979851,null,56.9985662337662,55.4647
640,2019-09-16,9.33672999987147,2.64484999977911,2',56.9985662337662,55.4647
641,2019-09-16,9.19888999956619,2.3782700002792,6',56.9985662337662,55.4647
642,2019-09-16,9.22693000021746,2.38096000000761,8',56.9985662337662,55.4647
643,2019-09-17,6.49192999984148,2.61924000031106,20,58.2689636363636,55.2393
644,2019-09-17,6.50096999962468,2.61290000005621,10,58.2689636363636,55.2393
645,2019-09-17,6.53080999958879,2.60021000039904,18,58.2689636363636,55.2393
646,2019-09-17,6.53080999958879,2.60021000039904,15,58.2689636363636,55.2393
647,2019-09-17,6.411120000259,2.32450999960588,7',58.2689636363636,55.2393
648,2019-09-17,6.53080999958879,2.60112000007008,40,58.2689636363636,55.2393
649,2019-09-17,6.37055000012515,2.44119999977957,8',58.2689636363636,55.2393
650,2019-09-17,6.53080999958879,2.60021000039904,27,58.2689636363636,55.2393
651,2019-09-18,6.49192999984148,2.61924000031106,6',58.2689636363636,55.2393
652,2019-09-18,6.50640000033423,2.61018000019057,4',58.2689636363636,55.2393
653,2019-09-18,6.52630999994469,2.62282999966475,null,58.2689636363636,55.2393
654,2019-09-18,6.49463999957588,2.61471000025082,20,58.2689636363636,55.2393
655,2019-09-18,6.4955400000742,2.6056700002218,5',58.2689636363636,55.2393
656,2019-09-18,6.5036799997493,2.60655999980132,5',58.2689636363636,55.2393
657,2019-09-18,6.52630999994469,2.62282999966475,null,58.2689636363636,55.2393
658,2019-09-18,6.52630999994469,2.62282999966475,null,58.2689636363636,55.2393
659,2019-09-18,6.52630999994469,2.62282999966475,null,58.2689636363636,55.2393
660,2019-09-18,6.52630999994469,2.62282999966475,null,58.2689636363636,55.2393
661,2019-09-18,6.5290100003009,2.60473999956099,null,58.2689636363636,55.2393
662,2019-09-18,6.49644999995304,2.61290000005621,5',58.2689636363636,55.2393
663,2019-09-18,6.52630999994469,2.62282999966475,null,58.2689636363636,55.2393
664,2019-09-18,6.52630999994469,2.62282999966475,null,58.2689636363636,55.2393
665,2019-09-18,6.52630999994469,2.62282999966475,null,58.2689636363636,55.2393
666,2019-09-18,6.52630999994469,2.62282999966475,null,58.2689636363636,55.2393
667,2019-09-18,6.50549999963773,2.61470000020506,15,58.2689636363636,55.2393
668,2019-09-18,6.49644999995304,2.61290000005621,10,58.2689636363636,55.2393
669,2019-09-18,6.52630999994469,2.62282999966475,null,58.2689636363636,55.2393
670,2019-09-18,6.52630999994469,2.62282999966475,null,58.2689636363636,55.2393
671,2019-09-18,6.50459000007119,2.60927999966696,2',58.2689636363636,55.2393
672,2019-09-19,6.51724999999174,2.60294000031044,12,58.2689636363636,55.2393
673,2019-09-19,6.45182999998811,2.32898000028999,8',58.2689636363636,55.2393
674,2019-09-19,6.51634000030329,2.60294000031044,18,58.2689636363636,55.2393
675,2019-09-19,6.51634000030329,2.60383999993572,15,58.2689636363636,55.2393
676,2019-09-20,9.37016999964064,2.61930999973292,null,58.2689636363636,55.2393
677,2019-09-20,9.36565000016769,2.61841000010764,8',58.2689636363636,55.2393
678,2019-09-20,9.36474000011817,2.61841000010764,3',58.2689636363636,55.2393
679,2019-09-20,9.36745000003325,2.61840000006192,2',58.2689636363636,55.2393
680,2019-09-20,9.36925999991142,2.61930999973292,4',58.2689636363636,55.2393
681,2019-09-21,9.39098000033822,2.62566000003353,null,58.2689636363636,55.2393
682,2019-09-21,9.3909699996004,2.62110999988181,null,58.2689636363636,55.2393
683,2019-09-21,9.39278999973485,2.62656999970456,null,58.2689636363636,55.2393
684,2019-09-21,9.39098000033822,2.62749000031965,null,58.2689636363636,55.2393
685,2019-09-21,9.39368999998804,2.62656999970456,null,58.2689636363636,55.2393
686,2019-09-21,9.39188999980191,2.62748000027389,null,58.2689636363636,55.2393
687,2019-09-21,9.39550000028896,2.62566000003353,null,58.2689636363636,55.2393
688,2019-09-21,7.77491999974287,2.19373999970501,null,58.2689636363636,55.2393
689,2019-09-21,7.77583000036642,2.19283000003401,12,58.2689636363636,55.2393
690,2019-09-21,7.76948999972902,2.19102999988513,24,58.2689636363636,55.2393
691,2019-09-21,9.39098000033822,2.62566000003353,null,58.2689636363636,55.2393
692,2019-09-21,9.39098000033822,2.62566000003353,null,58.2689636363636,55.2393
693,2019-09-21,9.39098000033822,2.62566000003353,null,58.2689636363636,55.2393
694,2019-09-21,9.39368999998804,2.62656999970456,null,58.2689636363636,55.2393
695,2019-09-21,9.39277999993554,2.62383999979317,null,58.2689636363636,55.2393
696,2019-09-21,9.36745999967652,2.62477999960143,5',58.2689636363636,55.2393
697,2019-09-21,9.37107999964388,2.62203999964432,3',58.2689636363636,55.2393
698,2019-09-21,9.37648999962961,2.61383999986444,3',58.2689636363636,55.2393
699,2019-09-21,7.77491999974287,2.19373999970501,2',58.2689636363636,55.2393
700,2019-09-21,7.76948999972902,2.19102999988513,21,58.2689636363636,55.2393
701,2019-09-21,7.78126999986372,2.19917000028887,5',58.2689636363636,55.2393
702,2019-09-21,7.78126999986372,2.20370000034912,3',58.2689636363636,55.2393
703,2019-09-21,9.39098000033822,2.62566000003353,null,58.2689636363636,55.2393
704,2019-09-21,9.39098000033822,2.62566000003353,null,58.2689636363636,55.2393
705,2019-09-21,9.36474999983945,2.6238699999304,6',58.2689636363636,55.2393
706,2019-09-21,7.77491999974287,2.19373999970501,5',58.2689636363636,55.2393
707,2019-09-21,7.76948999972902,2.19102999988513,15,58.2689636363636,55.2393
708,2019-09-21,9.39098000033822,2.62566000003353,null,58.2689636363636,55.2393
709,2019-09-21,9.3909699996004,2.62110999988181,null,58.2689636363636,55.2393
710,2019-09-21,9.39460000030827,2.62748000027389,null,58.2689636363636,55.2393
711,2019-09-21,7.77491999974287,2.19373999970501,null,58.2689636363636,55.2393
712,2019-09-21,7.77491999974287,2.19373999970501,24,58.2689636363636,55.2393
713,2019-09-21,7.76948999972902,2.19102999988513,21,58.2689636363636,55.2393
714,2019-09-21,7.76948999972902,2.19102999988513,24,58.2689636363636,55.2393
715,2019-09-21,7.76948999972902,2.19102999988513,24,58.2689636363636,55.2393
716,2019-09-21,7.76948999972902,2.19102999988513,24,58.2689636363636,55.2393
717,2019-09-21,7.77583000036642,2.19283000003401,null,58.2689636363636,55.2393
718,2019-09-21,9.3909699996004,2.62110999988181,null,58.2689636363636,55.2393
719,2019-09-21,9.3909699996004,2.62110999988181,null,58.2689636363636,55.2393
720,2019-09-21,9.37739999990274,2.61383999986444,4',58.2689636363636,55.2393
721,2019-09-21,7.77491999974287,2.19373999970501,24,58.2689636363636,55.2393
722,2019-09-21,7.78126999986372,2.19917000028887,24,58.2689636363636,55.2393
723,2019-09-22,6.48831999961037,2.63552000022018,0',58.2689636363636,55.2393
724,2019-09-22,7.77491999974287,2.19373999970501,21,58.2689636363636,55.2393
725,2019-09-22,6.41126000019698,1.88507999995882,15,58.2689636363636,55.2393
726,2019-09-23,6.41294000002518,2.32993000014397,4',58.2689636363636,55.2393
727,2019-09-23,6.41203000006152,2.33083999981501,3',58.2689636363636,55.2393
728,2019-09-23,6.40763000009679,1.87966000031905,null,58.2689636363636,55.2393
729,2019-09-23,7.92550999991589,1.98117000022539,null,58.2689636363636,55.2393
730,2019-09-23,7.92822000019488,1.98025999965606,5',58.2689636363636,55.2393
731,2019-09-23,6.41294000002518,2.32993000014397,8',58.2689636363636,55.2393
732,2019-09-23,6.41655000003098,2.32993000014397,10,58.2689636363636,55.2393
733,2019-09-23,6.41384000020631,2.33263999996386,7',58.2689636363636,55.2393
734,2019-09-23,7.94179000017882,1.98295000028276,18,58.2689636363636,55.2393
735,2019-09-23,7.92822000019488,1.98117000022539,10,58.2689636363636,55.2393
736,2019-09-23,7.92822000019488,1.98117000022539,6',58.2689636363636,55.2393
737,2019-09-23,7.92822000019488,1.98117000022539,4',58.2689636363636,55.2393
738,2019-09-23,6.41385000014979,2.3344500001585,null,58.2689636363636,55.2393
739,2019-09-23,6.41385000014979,2.3344500001585,7',58.2689636363636,55.2393
740,2019-09-23,7.92641000031019,1.98117000022539,9',58.2689636363636,55.2393
741,2019-09-23,7.92822000019488,1.98117000022539,3',58.2689636363636,55.2393
742,2019-09-23,7.92550999991589,1.98207999989642,null,58.2689636363636,55.2393
743,2019-09-23,6.42830999957792,2.3299100000525,10,58.2689636363636,55.2393
744,2019-09-23,7.9218900003808,1.98299999961318,null,58.2689636363636,55.2393
745,2019-09-23,7.91917000036573,1.9793700000765,10,58.2689636363636,55.2393
746,2019-09-23,7.92278999979253,1.98026999970178,null,58.2689636363636,55.2393
747,2019-09-23,7.93455999999614,1.98477999967055,15,58.2689636363636,55.2393
748,2019-09-23,7.92822000019488,1.98117000022539,4',58.2689636363636,55.2393
749,2019-09-23,7.93003000012424,1.98388000004527,18,58.2689636363636,55.2393
750,2019-09-23,6.42289999976301,2.33896000012724,null,58.2689636363636,55.2393
751,2019-09-23,6.50159999971204,2.34789999969883,null,58.2689636363636,55.2393
752,2019-09-23,7.92459999958229,1.98117000022539,16,58.2689636363636,55.2393
753,2019-09-23,7.92822000019488,1.98117000022539,3',58.2689636363636,55.2393
754,2019-09-23,7.92550999991589,1.98298999956742,20,58.2689636363636,55.2393
755,2019-09-24,6.42562999989369,2.35070999997614,10,58.2689636363636,55.2393
756,2019-09-24,7.92820999964225,1.97934999998503,null,58.2689636363636,55.2393
757,2019-09-24,6.47168000008876,2.29096999979639,null,58.2689636363636,55.2393
758,2019-09-24,6.4607900001732,2.2692800002932,null,58.2689636363636,55.2393
759,2019-09-24,6.46078000026138,2.26113999988949,null,58.2689636363636,55.2393
760,2019-09-24,7.92820999964225,1.97934999998503,null,58.2689636363636,55.2393
761,2019-09-24,7.93273999998778,1.98297000037427,10,58.2689636363636,55.2393
762,2019-09-24,7.92459999958229,1.98117000022539,null,58.2689636363636,55.2393
763,2019-09-24,7.92550999991589,1.98207999989642,25,58.2689636363636,55.2393
764,2019-09-24,6.53442999973511,2.59929999982971,null,58.2689636363636,55.2393
765,2019-09-24,7.92279999958711,1.98390000013675,25,58.2689636363636,55.2393
766,2019-09-24,7.92550999991589,1.98117000022539,null,58.2689636363636,55.2393
767,2019-09-24,6.53261999981207,2.59749999968086,null,58.2689636363636,55.2393
768,2019-09-24,6.47348999989209,2.29367999961628,null,58.2689636363636,55.2393
769,2019-09-24,6.42291000042132,2.34709999963264,0',58.2689636363636,55.2393
770,2019-09-25,6.47259000019413,2.29458000013988,null,58.2689636363636,55.2393
771,2019-09-25,6.47809000036673,2.34703000021079,null,58.2689636363636,55.2393
772,2019-09-25,6.39211000022164,2.31459000004309,null,58.2689636363636,55.2393
773,2019-09-25,9.36384000009157,2.6229600002594,null,58.2689636363636,55.2393
774,2019-09-25,6.50006999991568,2.61832999974173,null,58.2689636363636,55.2393
775,2019-09-25,6.53081999989399,2.60473000041357,null,58.2689636363636,55.2393
776,2019-09-26,7.92641000031019,1.98025999965606,66,58.2689636363636,55.2393
777,2019-09-26,7.92550999991589,1.98207999989642,8',58.2689636363636,55.2393
778,2019-09-26,7.92820999964225,1.97934999998503,50,58.2689636363636,55.2393
779,2019-09-26,7.92820999964225,1.97934999998503,16,58.2689636363636,55.2393
780,2019-09-26,7.93091999993112,1.97752999974466,25,58.2689636363636,55.2393
781,2019-09-26,7.92912000000002,1.98025999965606,36,58.2689636363636,55.2393
782,2019-09-26,7.92820999964225,1.97934999998503,28,58.2689636363636,55.2393
783,2019-09-26,7.92641000031019,1.98025999965606,null,58.2689636363636,55.2393
784,2019-09-26,7.92641000031019,1.98117000022539,25,58.2689636363636,55.2393
785,2019-09-26,7.92550999991589,1.98207999989642,24,58.2689636363636,55.2393
786,2019-09-26,7.92550999991589,1.98207999989642,15,58.2689636363636,55.2393
787,2019-09-26,7.92550999991589,1.98207999989642,18,58.2689636363636,55.2393
788,2019-09-26,7.92820999964225,1.97934999998503,null,58.2689636363636,55.2393
789,2019-09-26,7.92553000026236,1.99205999973367,32,58.2689636363636,55.2393
790,2019-09-27,7.92820999964225,1.97934999998503,9',44.5147051948052,54.7481
791,2019-09-27,7.92820999964225,1.97934999998503,20,44.5147051948052,54.7481
792,2019-09-27,7.92911000035902,1.97753999979042,30,44.5147051948052,54.7481
793,2019-09-27,7.94630000007352,1.97930999980207,null,44.5147051948052,54.7481
794,2019-09-27,7.92641000031019,1.98025999965606,20,44.5147051948052,54.7481
795,2019-09-27,7.92641000031019,1.98025999965606,16,44.5147051948052,54.7481
796,2019-09-27,7.92458999983144,1.97845000035975,30,44.5147051948052,54.7481
797,2019-09-27,7.92820999964225,1.97934999998503,17,44.5147051948052,54.7481
798,2019-09-27,7.92820999964225,1.97934999998503,18,44.5147051948052,54.7481
799,2019-09-27,7.92820999964225,1.97934999998503,5',44.5147051948052,54.7481
800,2019-09-27,7.92641000031019,1.98025999965606,14,44.5147051948052,54.7481
801,2019-09-27,7.92550999991589,1.98207999989642,14,44.5147051948052,54.7481
802,2019-09-27,7.92641000031019,1.98117000022539,25,44.5147051948052,54.7481
803,2019-09-27,8.07300000015423,2.00984000021603,null,44.5147051948052,54.7481
804,2019-09-27,8.09644999995297,1.98437999963749,null,44.5147051948052,54.7481
805,2019-09-27,7.92641000031019,1.98025999965606,null,44.5147051948052,54.7481
806,2019-09-27,7.92550999991589,1.98207999989642,null,44.5147051948052,54.7481
807,2019-09-27,7.92641000031019,1.98025999965606,null,44.5147051948052,54.7481
808,2019-09-27,7.92459999958229,1.98117000022539,15,44.5147051948052,54.7481
809,2019-09-27,7.92550999991589,1.98207999989642,32,44.5147051948052,54.7481
810,2019-09-27,7.92550000018714,1.97845000035975,20,44.5147051948052,54.7481
811,2019-09-27,7.94630000007352,1.97930999980207,18,44.5147051948052,54.7481
812,2019-09-27,7.92368999990607,1.97936000003078,17,44.5147051948052,54.7481
813,2019-09-27,7.92459999958229,1.98026999970178,24,44.5147051948052,54.7481
814,2019-09-27,7.91917000036573,1.98027999974754,15,44.5147051948052,54.7481
815,2019-09-27,7.92911000035902,1.97753999979042,9',44.5147051948052,54.7481
816,2019-09-27,7.92098000005305,1.9793700000765,38,44.5147051948052,54.7481
817,2019-09-27,7.92641000031019,1.98025999965606,12,44.5147051948052,54.7481
818,2019-09-27,7.92820999964225,1.97934999998503,9',44.5147051948052,54.7481
819,2019-09-27,7.92820999964225,1.97934999998503,null,44.5147051948052,54.7481
820,2019-09-28,7.97943000014363,2.24416000037161,null,44.5147051948052,54.7481
821,2019-09-28,6.43646000030998,2.33260999982666,2',44.5147051948052,54.7481
822,2019-09-28,6.50006999991568,2.61832999974173,null,44.5147051948052,54.7481
823,2019-09-28,7.97490999986037,2.24416000037161,null,44.5147051948052,54.7481
824,2019-09-28,7.97490999986037,2.24416000037161,null,44.5147051948052,54.7481
825,2019-09-28,6.42288000023121,2.32358999988912,null,44.5147051948052,54.7481
826,2019-09-28,6.50006999991568,2.61832999974173,2',44.5147051948052,54.7481
827,2019-09-28,6.50006999991568,2.61832999974173,2',44.5147051948052,54.7481
828,2019-09-28,6.43465000028327,2.33442000002127,null,44.5147051948052,54.7481
829,2019-09-28,6.49980000004588,2.35242999975908,2',44.5147051948052,54.7481
830,2019-09-28,6.49980000004588,2.35242999975908,null,44.5147051948052,54.7481
831,2019-09-28,6.49980000004588,2.35242999975908,1',44.5147051948052,54.7481
832,2019-09-28,6.49980000004588,2.35242999975908,2',44.5147051948052,54.7481
833,2019-09-28,6.50006999991568,2.61832999974173,1',44.5147051948052,54.7481
834,2019-09-28,6.50006999991568,2.61832999974173,2',44.5147051948052,54.7481
835,2019-09-28,6.49980000004588,2.35242999975908,2',44.5147051948052,54.7481
836,2019-09-28,6.50006999991568,2.61832999974173,2',44.5147051948052,54.7481
837,2019-09-28,7.97218999978993,2.24417000041734,null,44.5147051948052,54.7481
838,2019-09-28,6.49980000004588,2.35242999975908,2',44.5147051948052,54.7481
839,2019-09-28,6.50006999991568,2.61832999974173,2',44.5147051948052,54.7481
840,2019-09-28,6.50006999991568,2.61832999974173,3',44.5147051948052,54.7481
841,2019-09-28,6.50006999991568,2.61832999974173,2',44.5147051948052,54.7481
842,2019-09-28,6.49980000004588,2.35242999975908,5',44.5147051948052,54.7481
843,2019-09-28,6.49980000004588,2.35242999975908,3',44.5147051948052,54.7481
844,2019-09-28,7.97218999978993,2.24417000041734,null,44.5147051948052,54.7481
845,2019-09-29,8.01004999973302,2.17331999972299,10,44.5147051948052,54.7481
846,2019-09-29,7.94955999978611,2.23150999999911,null,44.5147051948052,54.7481
847,2019-09-29,7.96586000017125,2.24326999989376,null,44.5147051948052,54.7481
848,2019-09-29,7.99192999987017,2.1624700003977,9',44.5147051948052,54.7481
849,2019-09-29,7.97580000013899,2.2359999998764,null,44.5147051948052,54.7481
850,2019-09-29,6.27812999975462,1.80671999994591,null,44.5147051948052,54.7481
851,2019-09-29,7.97218999978993,2.24417000041734,15,44.5147051948052,54.7481
852,2019-09-29,8.01004999973302,2.17331999972299,16,44.5147051948052,54.7481
853,2019-09-29,8.01004999973302,2.17331999972299,20,44.5147051948052,54.7481
854,2019-09-29,7.92332000013711,2.22792999979288,32,44.5147051948052,54.7481
855,2019-09-29,7.96586000017125,2.24326999989376,18,44.5147051948052,54.7481
856,2019-09-29,6.27629999978326,1.79950000015725,null,44.5147051948052,54.7481
857,2019-09-29,7.97218999978993,2.24417000041734,15,44.5147051948052,54.7481
858,2019-09-29,6.44914000023798,2.34615999982441,1',44.5147051948052,54.7481
859,2019-09-29,8.01004999973302,2.17331999972299,12,44.5147051948052,54.7481
860,2019-09-29,7.92332000013711,2.22792999979288,11,44.5147051948052,54.7481
861,2019-09-29,7.94953999971945,2.22061999959253,null,44.5147051948052,54.7481
862,2019-09-29,6.50006999991568,2.61832999974173,10,44.5147051948052,54.7481
863,2019-09-29,6.27629999978326,1.79950000015725,null,44.5147051948052,54.7481
864,2019-09-29,6.27629999978326,1.79950000015725,null,44.5147051948052,54.7481
865,2019-09-29,6.27629999978326,1.79950000015725,15,44.5147051948052,54.7481
866,2019-09-29,6.26993999997909,1.78504999963589,null,44.5147051948052,54.7481
867,2019-09-29,8.01004999973302,2.17331999972299,18,44.5147051948052,54.7481
868,2019-09-30,6.44461999992534,2.34887999969005,2',44.5147051948052,54.7481
869,2019-10-01,7.94359999996038,1.98202999966771,27,44.5147051948052,54.7481
870,2019-10-01,7.94268999963208,1.98203999971343,25,44.5147051948052,54.7481
871,2019-10-01,7.94268999963208,1.98203999971343,25,44.5147051948052,54.7481
872,2019-10-02,7.92641000031019,1.98117000022539,50,44.5147051948052,54.7481
873,2019-10-02,7.92641000031019,1.98025999965606,null,44.5147051948052,54.7481
874,2019-10-02,7.92459999958229,1.98026999970178,68,44.5147051948052,54.7481
875,2019-10-02,7.92459999958229,1.97936000003078,null,44.5147051948052,54.7481
876,2019-10-02,7.9218900003808,1.98390000013675,12,44.5147051948052,54.7481
877,2019-10-02,7.92458999983144,1.97754999983617,18,44.5147051948052,54.7481
878,2019-10-02,6.35691000013904,2.37791999957652,null,44.5147051948052,54.7481
879,2019-10-02,7.92459999958229,1.98207999989642,18,44.5147051948052,54.7481
880,2019-10-02,7.92459999958229,1.98207999989642,28,44.5147051948052,54.7481
881,2019-10-02,7.92822999985754,1.98570000028563,17,44.5147051948052,54.7481
882,2019-10-02,7.92641000031019,1.98207999989642,null,44.5147051948052,54.7481
883,2019-10-02,7.92550999991589,1.98207999989642,50,44.5147051948052,54.7481
884,2019-10-02,7.92820999964225,1.97934999998503,60,44.5147051948052,54.7481
885,2019-10-02,7.92459999958229,1.98207999989642,56,44.5147051948052,54.7481
886,2019-10-02,7.92278999979253,1.98026999970178,null,44.5147051948052,54.7481
887,2019-10-02,7.92730999962593,1.98025999965606,36,44.5147051948052,54.7481
888,2019-10-02,7.9300199996156,1.97663000011939,15,44.5147051948052,54.7481
889,2019-10-02,7.92459999958229,1.98207999989642,32,44.5147051948052,54.7481
890,2019-10-02,7.92459999958229,1.98207999989642,34,44.5147051948052,54.7481
891,2019-10-02,7.92369999967879,1.98298999956742,36,44.5147051948052,54.7481
892,2019-10-02,7.9300199996156,1.97663000011939,58,44.5147051948052,54.7481
893,2019-10-02,7.92820999964225,1.97934999998503,24,44.5147051948052,54.7481
894,2019-10-02,7.92459999958229,1.98207999989642,9',44.5147051948052,54.7481
895,2019-10-02,7.93363999968875,1.9793399999393,22,44.5147051948052,54.7481
896,2019-10-02,7.97175999965067,2.03459000024176,null,44.5147051948052,54.7481
897,2019-10-02,7.92278999979253,1.98118000027114,25,44.5147051948052,54.7481
898,2019-10-02,7.94811999961292,1.98293000019128,8',44.5147051948052,54.7481
899,2019-10-02,7.93634999978073,1.97932999989355,23,44.5147051948052,54.7481
900,2019-10-03,10.6227900003721,1.26684999989708,null,44.5147051948052,54.7481
901,2019-10-03,7.92278999979253,1.98208999994214,15,44.5147051948052,54.7481
902,2019-10-03,7.92278999979253,1.98208999994214,9',44.5147051948052,54.7481
903,2019-10-03,10.6236900000667,1.26593000018029,null,44.5147051948052,54.7481
904,2019-10-03,10.6209400000309,1.25954999974248,null,44.5147051948052,54.7481
905,2019-10-04,6.35332999992789,2.4068599999039,null,44.5147051948052,54.7481
906,2019-10-04,11.1421699998893,2.94322000006666,10,44.5147051948052,54.7481
907,2019-10-04,11.141270000143,2.94413999978345,null,44.5147051948052,54.7481
908,2019-10-04,6.39301999997858,2.31548999966837,null,44.5147051948052,54.7481
909,2019-10-04,11.8491299996696,3.38835999978173,30,44.5147051948052,54.7481
910,2019-10-04,7.78034999980808,2.1955399998539,null,44.5147051948052,54.7481
911,2019-10-04,11.141270000143,2.94322000006666,null,44.5147051948052,54.7481
912,2019-10-05,11.8653999998533,3.38929999958999,null,44.5147051948052,54.7481
913,2019-10-05,6.44098000011925,2.33623000021587,null,44.5147051948052,54.7481
914,2019-10-05,6.44189000006404,2.33531999964654,2',44.5147051948052,54.7481
915,2019-10-05,7.88913000018591,2.33503000011663,1',44.5147051948052,54.7481
916,2019-10-05,6.44370000016471,2.33803000036472,1',44.5147051948052,54.7481
917,2019-10-05,11.1421699998893,2.94322000006666,5',44.5147051948052,54.7481
918,2019-10-05,6.44189000006404,2.33531999964654,null,44.5147051948052,54.7481
919,2019-10-05,11.8626800000006,3.3975599996443,6',44.5147051948052,54.7481
920,2019-10-06,6.44371000041365,2.34707000039374,null,44.5147051948052,54.7481
921,2019-10-06,6.44371999976974,2.34979000025938,null,44.5147051948052,54.7481
922,2019-10-06,11.8482199997522,3.39203000039968,null,44.5147051948052,54.7481
923,2019-10-06,11.8455099999802,3.3911099997846,null,44.5147051948052,54.7481
924,2019-10-06,11.8455099999802,3.3911099997846,null,44.5147051948052,54.7481
925,2019-10-06,11.8455099999802,3.3911099997846,null,44.5147051948052,54.7481
926,2019-10-06,6.44371000041365,2.34707000039374,1',44.5147051948052,54.7481
927,2019-10-06,6.44371000041365,2.34887999969005,null,44.5147051948052,54.7481
928,2019-10-06,11.8455099999802,3.3911099997846,null,44.5147051948052,54.7481
929,2019-10-06,11.8455099999802,3.3911099997846,null,44.5147051948052,54.7481
930,2019-10-06,11.8455099999802,3.3911099997846,null,44.5147051948052,54.7481
931,2019-10-06,6.44461999992534,2.34798000006477,null,44.5147051948052,54.7481
932,2019-10-06,11.8455099999802,3.3911099997846,null,44.5147051948052,54.7481
933,2019-10-06,11.8455099999802,3.3911099997846,null,44.5147051948052,54.7481
934,2019-10-06,6.44007999975589,2.33804000041048,1',44.5147051948052,54.7481
935,2019-10-06,6.44461999992534,2.34798000006477,null,44.5147051948052,54.7481
936,2019-10-06,6.44190999974041,2.35159999955569,null,44.5147051948052,54.7481
937,2019-10-06,11.8455099999802,3.3911099997846,null,44.5147051948052,54.7481
938,2019-10-06,11.8455099999802,3.3911099997846,null,44.5147051948052,54.7481
939,2019-10-06,6.41655999992127,2.33626000035311,null,44.5147051948052,54.7481
940,2019-10-06,11.8482199997522,3.39203000039968,null,44.5147051948052,54.7481
941,2019-10-06,11.8482199997522,3.39203000039968,null,44.5147051948052,54.7481
942,2019-10-07,9.35477000011639,2.59565000020156,null,39.9599987012987,53.8888
943,2019-10-07,6.53960999986729,2.35598999987382,null,39.9599987012987,53.8888
944,2019-10-07,9.35929000017476,2.60020000035332,null,39.9599987012987,53.8888
945,2019-10-07,6.53779999995106,2.36141999955935,null,39.9599987012987,53.8888
946,2019-10-07,6.54048999976618,2.33881000033943,null,39.9599987012987,53.8888
947,2019-10-07,6.40842000018573,2.33446000020422,null,39.9599987012987,53.8888
948,2019-10-07,6.40751000019097,2.33083999981501,null,39.9599987012987,53.8888
949,2019-10-07,6.53870999990965,2.36051999993407,null,39.9599987012987,53.8888
950,2019-10-08,6.37404999955899,2.33811999987809,null,39.9599987012987,53.8888
951,2019-10-08,7.91917000036573,1.98027999974754,36,39.9599987012987,53.8888
952,2019-10-08,6.36952999976658,2.33903000044746,3',39.9599987012987,53.8888
953,2019-10-08,6.37496000016041,2.33993000007273,null,39.9599987012987,53.8888
954,2019-10-09,6.4247099996646,2.34166999994712,null,39.9599987012987,53.8888
955,2019-10-09,6.38042000020408,2.37246999979952,null,39.9599987012987,53.8888
956,2019-10-09,6.55491999982763,2.30894000024954,null,39.9599987012987,53.8888
957,2019-10-09,6.41114000025247,2.3407800003676,null,39.9599987012987,53.8888
958,2019-10-09,6.44009000007619,2.34164999985564,null,39.9599987012987,53.8888
959,2019-10-09,6.55943000029955,2.2989899996512,null,39.9599987012987,53.8888
960,2019-10-09,6.38133000021022,2.37337000032309,null,39.9599987012987,53.8888
961,2019-10-09,6.54590999969664,2.33065999988994,null,39.9599987012987,53.8888
962,2019-10-09,6.56936999991519,2.29083000005431,null,39.9599987012987,53.8888
963,2019-10-09,7.91917000036573,1.98027999974754,65,39.9599987012987,53.8888
964,2019-10-09,6.44730000027321,2.32174999955728,null,39.9599987012987,53.8888
965,2019-10-09,6.4111300002558,2.33626000035311,null,39.9599987012987,53.8888
966,2019-10-09,6.54500000035711,2.33247000008455,null,39.9599987012987,53.8888
967,2019-10-09,6.54680000008461,2.32704000039905,null,39.9599987012987,53.8888
968,2019-10-10,6.40478000028876,2.31999999963714,null,39.9599987012987,53.8888
969,2019-10-10,6.39301999997858,2.31911000005758,null,39.9599987012987,53.8888
970,2019-10-10,6.40478000028876,2.31999999963714,null,39.9599987012987,53.8888
971,2019-10-10,6.40478000028876,2.31908999996611,null,39.9599987012987,53.8888
972,2019-10-10,6.41566000008031,2.3407800003676,null,39.9599987012987,53.8888
973,2019-10-10,6.41566000008031,2.3407800003676,null,39.9599987012987,53.8888
974,2019-10-12,8.20494000031011,1.97048999988108,null,39.9599987012987,53.8888
975,2019-10-12,8.19323000010992,1.98686000020193,null,39.9599987012987,53.8888
976,2019-10-12,6.54141000027535,2.35057000023406,null,39.9599987012987,53.8888
977,2019-10-12,8.7375100001263,1.64457000023452,null,39.9599987012987,53.8888
978,2019-10-12,9.14693000000162,1.58845999959141,null,39.9599987012987,53.8888
979,2019-10-12,9.32320000012502,1.57591999972212,null,39.9599987012987,53.8888
980,2019-10-12,9.31324000037237,1.57232000032268,null,39.9599987012987,53.8888
981,2019-10-12,9.32506000037478,1.58774999993693,null,39.9599987012987,53.8888
982,2019-10-12,9.13880000008681,1.59213000020937,null,39.9599987012987,53.8888
983,2019-10-12,9.26827000012385,1.63258000018612,null,39.9599987012987,53.8888
984,2019-10-12,9.26827000012385,1.63258000018612,null,39.9599987012987,53.8888
985,2019-10-12,9.34030000021883,1.5558200003055,null,39.9599987012987,53.8888
986,2019-10-12,9.34848000010765,1.56580000014275,null,39.9599987012987,53.8888
987,2019-10-12,8.21929999977438,1.92687999982265,null,39.9599987012987,53.8888
988,2019-10-12,9.20742000008921,1.56455999986055,null,39.9599987012987,53.8888
989,2019-10-12,8.87676999982605,1.64497000026761,null,39.9599987012987,53.8888
990,2019-10-12,9.14693000000162,1.58845999959141,null,39.9599987012987,53.8888
991,2019-10-12,9.1704000002216,1.57836000010356,null,39.9599987012987,53.8888
992,2019-10-12,9.37018999965658,1.56754000001717,null,39.9599987012987,53.8888
993,2019-10-12,9.31682000019837,1.56319999992772,null,39.9599987012987,53.8888
994,2019-10-12,9.33494000031918,1.57040999967065,null,39.9599987012987,53.8888
995,2019-10-12,8.18685000010416,1.96871999986946,null,39.9599987012987,53.8888
996,2019-10-12,8.20127999983757,1.95234000040119,null,39.9599987012987,53.8888
997,2019-10-12,8.20127999983757,1.95234000040119,null,39.9599987012987,53.8888
998,2019-10-12,8.69320000000372,1.64382000039708,null,39.9599987012987,53.8888
999,2019-10-12,9.34491999969659,1.58039000040619,null,39.9599987012987,53.8888
1000,2019-10-13,7.975810000421,2.24597999971365,50,39.9599987012987,53.8888
1001,2019-10-13,6.27451000040374,1.80402000017174,null,39.9599987012987,53.8888
1002,2019-10-14,11.8455099999802,3.3911099997846,null,39.9599987012987,53.8888
1003,2019-10-14,6.76747999998697,2.30050000027017,null,39.9599987012987,53.8888
1004,2019-10-15,7.92098000005305,1.98027999974754,50,39.9599987012987,53.8888
1005,2019-10-18,11.8482199997522,3.39203000039968,null,35.1807012987013,52.4917
1006,2019-10-20,11.850950000078,3.37733999967882,null,35.1807012987013,52.4917
1007,2019-10-21,11.8482199997522,3.39203000039968,null,35.1807012987013,52.4917
1008,2019-10-21,11.8482199997522,3.39203000039968,null,35.1807012987013,52.4917
1009,2019-10-21,11.8482199997522,3.39203000039968,null,35.1807012987013,52.4917
1010,2019-10-21,7.92098000005305,1.98027999974754,39,35.1807012987013,52.4917
1011,2019-10-21,11.8482199997522,3.39203000039968,null,35.1807012987013,52.4917
1012,2019-10-21,11.8455099999802,3.3911099997846,null,35.1807012987013,52.4917
1013,2019-10-21,7.92008000024426,1.98119000031687,60,35.1807012987013,52.4917
1014,2019-10-22,9.26791999989777,2.58117999958872,null,35.1807012987013,52.4917
1015,2019-10-22,6.38404999982296,2.37608000014301,null,35.1807012987013,52.4917
1016,2019-10-22,6.38314000018521,2.37246999979952,null,35.1807012987013,52.4917
1017,2019-10-22,9.26881999977426,2.58117999958872,null,35.1807012987013,52.4917
1018,2019-10-22,9.26249000011256,2.58027999996345,null,35.1807012987013,52.4917
1019,2019-10-22,9.32933999963317,2.51736999965629,null,35.1807012987013,52.4917
1020,2019-10-24,11.8635799999876,3.3975599996443,40,35.1807012987013,52.4917
1021,2019-10-24,7.18138000015353,2.08886999970044,null,35.1807012987013,52.4917
1022,2019-10-24,7.16237000005324,2.07803999956833,null,35.1807012987013,52.4917
1023,2019-10-24,7.18047000000571,2.08706000040417,null,35.1807012987013,52.4917
1024,2019-10-24,7.17865999968607,2.08254000038964,null,35.1807012987013,52.4917
1025,2019-10-24,7.16055000039669,2.07532999974845,null,35.1807012987013,52.4917
1026,2019-10-24,11.8626900001047,3.38929999958999,50,35.1807012987013,52.4917
1027,2019-10-24,7.18138000015353,2.08978000026977,null,35.1807012987013,52.4917
1028,2019-10-24,7.17865999968607,2.08434999968595,null,35.1807012987013,52.4917
1029,2019-10-24,7.17956999989026,2.08615999988056,null,35.1807012987013,52.4917
1030,2019-10-24,7.18860999968173,2.08432999959448,null,35.1807012987013,52.4917
1031,2019-10-24,7.17775000033532,2.08254000038964,null,35.1807012987013,52.4917
1032,2019-10-25,11.8635900000587,3.39480999964146,null,35.1807012987013,52.4917
1033,2019-10-25,11.8635900000587,3.39480999964146,null,35.1807012987013,52.4917
1034,2019-10-25,11.8635900000587,3.39480999964146,null,35.1807012987013,52.4917
1035,2019-10-25,11.8635900000587,3.39480999964146,null,35.1807012987013,52.4917
1036,2019-10-25,7.14971000020629,2.08078000042375,null,35.1807012987013,52.4917
1037,2019-10-25,7.14439000028954,2.13694000039726,null,35.1807012987013,52.4917
1038,2019-10-25,11.8635900000587,3.39021000015932,null,35.1807012987013,52.4917
1039,2019-10-25,11.8635900000587,3.39480999964146,null,35.1807012987013,52.4917
1040,2019-10-25,11.8635900000587,3.39480999964146,null,35.1807012987013,52.4917
1041,2019-10-25,11.8617799996813,3.39297000020792,null,35.1807012987013,52.4917
1042,2019-10-25,11.8644999997181,3.38746000015645,null,35.1807012987013,52.4917
1043,2019-10-25,11.8644999997181,3.38746000015645,null,35.1807012987013,52.4917
1044,2019-10-25,11.8554500002474,3.39204000044544,null,35.1807012987013,52.4917
1045,2019-10-25,7.21475999974418,2.04623999963323,null,35.1807012987013,52.4917
1046,2019-10-25,11.8545400002947,3.39479000044828,null,35.1807012987013,52.4917
1047,2019-10-25,11.8635900000587,3.39480999964146,null,35.1807012987013,52.4917
1048,2019-10-25,11.8635900000587,3.39480999964146,null,35.1807012987013,52.4917
1049,2019-10-25,11.8635900000587,3.39480999964146,null,35.1807012987013,52.4917
1050,2019-10-25,11.8626900001047,3.38929999958999,null,35.1807012987013,52.4917
1051,2019-10-25,11.8635900000587,3.39021000015932,null,35.1807012987013,52.4917
1052,2019-10-25,11.8635900000587,3.39480999964146,null,35.1807012987013,52.4917
1053,2019-10-25,11.8635900000587,3.39480999964146,null,35.1807012987013,52.4917
1054,2019-10-25,11.8644999997181,3.38746000015645,null,35.1807012987013,52.4917
1055,2019-10-25,11.8626900001047,3.38929999958999,null,35.1807012987013,52.4917
1056,2019-10-25,7.18945999956902,2.05986999999693,null,35.1807012987013,52.4917
1057,2019-10-25,7.14339999962955,2.09437999975191,null,35.1807012987013,52.4917
1058,2019-10-26,7.11081000004047,2.07814000002575,null,35.1807012987013,52.4917
1059,2019-10-26,7.0478799995639,2.30009000019135,null,35.1807012987013,52.4917
1060,2019-10-26,11.8626900001047,3.38929999958999,null,35.1807012987013,52.4917
1061,2019-10-26,7.03064999967666,2.2675200003273,null,35.1807012987013,52.4917
1062,2019-10-26,7.02794000034451,2.26932999962361,null,35.1807012987013,52.4917
1063,2019-10-26,7.09365999975592,2.09629000040397,null,35.1807012987013,52.4917
1064,2019-10-26,7.09365999975592,2.09629000040397,null,35.1807012987013,52.4917
1065,2019-10-27,6.99954000006652,2.06749999986443,null,13.1407506493506,50.5687
1066,2019-10-27,7.02250999983119,2.26933999966937,null,13.1407506493506,50.5687
1067,2019-10-28,11.8482199997522,3.39203000039968,6',13.1407506493506,50.5687
1068,2019-10-28,11.8482199997522,3.39203000039968,null,13.1407506493506,50.5687
1069,2019-10-28,11.8473200001075,3.3911099997846,null,13.1407506493506,50.5687
1070,2019-10-28,11.8482199997522,3.39203000039968,null,13.1407506493506,50.5687
1071,2019-10-28,11.8482199997522,3.39203000039968,null,13.1407506493506,50.5687
1072,2019-10-28,11.8482199997522,3.39203000039968,null,13.1407506493506,50.5687
1073,2019-10-28,11.8482199997522,3.39203000039968,null,13.1407506493506,50.5687
1074,2019-10-31,11.8500400000714,3.38652000034822,null,13.1407506493506,50.5687
1075,2019-10-31,11.8500400000714,3.38652000034822,null,13.1407506493506,50.5687
1076,2019-11-02,7.94179000017882,1.98384999990804,35,13.1407506493506,50.5687
1077,2019-11-06,6.36687999969861,2.39419000033824,null,13.1407506493506,50.5687
1078,2019-11-06,6.36416000009136,2.38786000012911,null,13.1407506493506,50.5687
1079,2019-11-06,6.44751999967936,1.92387999957452,null,13.1407506493506,50.5687
1080,2019-11-07,6.40582000023069,1.87966000031905,12,6.30159350649351,48.2879
1081,2019-11-07,6.40582000023069,1.87966000031905,4',6.30159350649351,48.2879
1082,2019-11-07,6.40582000023069,1.87966000031905,6',6.30159350649351,48.2879
1083,2019-11-07,6.40582000023069,1.87966000031905,6',6.30159350649351,48.2879
1084,2019-11-07,6.40582000023069,1.87966000031905,12,6.30159350649351,48.2879
1085,2019-11-08,6.3914900001662,1.94660000019594,6',6.30159350649351,48.2879
1086,2019-11-08,6.3914900001662,1.94660000019594,6',6.30159350649351,48.2879
1087,2019-11-12,6.40581000012975,1.87875999979545,2',6.30159350649351,48.2879
1088,2019-11-12,6.40581000012975,1.87875999979545,16,6.30159350649351,48.2879
1089,2019-11-12,6.39328000012184,1.94116999961212,3',6.30159350649351,48.2879
1090,2019-11-12,6.42121999975134,1.89319000022533,16,6.30159350649351,48.2879
1091,2019-11-12,6.3914900001662,1.95020999964113,2',6.30159350649351,48.2879
1092,2019-11-12,6.40581000012975,1.87875999979545,6',6.30159350649351,48.2879
1093,2019-11-12,6.40581000012975,1.87875999979545,5',6.30159350649351,48.2879
1094,2019-11-12,6.40581000012975,1.87875999979545,2',6.30159350649351,48.2879
1095,2019-11-12,6.40581000012975,1.87875999979545,5',6.30159350649351,48.2879
1096,2019-11-12,6.40581000012975,1.87875999979545,2',6.30159350649351,48.2879
1097,2019-11-15,9.34028000025671,2.58292000036147,null,6.30159350649351,48.2879
1098,2019-11-15,6.39951999959631,1.89323999955571,2',6.30159350649351,48.2879
1099,2019-11-15,6.39421000023876,1.95111000016471,2',6.30159350649351,48.2879
1100,2019-11-15,6.39784999959274,1.96195000034258,3',6.30159350649351,48.2879
1101,2019-11-16,6.45744999989717,1.91753000017224,6',6.30159350649351,48.2879
1102,2019-11-19,9.53598999961033,1.90755000033499,null,5.55767922077922,45.6838
1103,2019-11-21,6.41850999977596,1.89320000027105,50,5.55767922077922,45.6838
1104,2019-11-27,6.37496000016041,2.33993000007273,1',3.68948311688312,42.8846
1105,2019-11-28,11.844600000311,3.3911099997846,null,3.68948311688312,42.8846
1106,2019-11-28,11.844600000311,3.3911099997846,null,3.68948311688312,42.8846
1107,2019-11-28,11.844600000311,3.3911099997846,28,3.68948311688312,42.8846
1108,2019-11-28,11.8473100003195,3.39295000011644,13,3.68948311688312,42.8846
1109,2019-12-05,7.17502999955511,2.08073000019504,null,3.68948311688312,42.8846
1110,2020-01-22,6.38949000033699,2.39145000038113,null,2.56062987012987,31.8069
1111,2020-01-22,6.38949000033699,2.39145000038113,3',2.56062987012987,31.8069
1112,2020-01-22,6.38949000033699,2.39145000038113,20,2.56062987012987,31.8069
1113,2020-01-22,6.38949000033699,2.39145000038113,null,2.56062987012987,31.8069
1114,2020-01-22,6.38949000033699,2.39145000038113,10,2.56062987012987,31.8069
1115,2020-01-22,6.38949000033699,2.39145000038113,3',2.56062987012987,31.8069
1116,2020-01-22,6.38949000033699,2.39145000038113,3',2.56062987012987,31.8069
1117,2020-01-22,6.38945999996757,2.36161000042847,3',2.56062987012987,31.8069
1118,2020-01-22,6.36871999958708,2.42040999990165,null,2.56062987012987,31.8069
1119,2020-01-22,6.38949000033699,2.39145000038113,3',2.56062987012987,31.8069
1120,2020-01-22,6.3913100004125,2.39597000039562,8',2.56062987012987,31.8069
1121,2020-01-23,6.38949000033699,2.39145000038113,3',2.56062987012987,31.8069
1122,2020-01-24,6.40480999975883,2.34079000041335,30,2.56062987012987,31.8069
1123,2020-01-24,6.40480999975883,2.34079000041335,30,2.56062987012987,31.8069
1124,2020-01-26,6.38769000005553,2.39688000006665,50,2.56062987012987,31.8069
1125,2020-01-28,11.8482199997522,3.39295000011644,2',4.57385974025974,31.4587
1126,2020-02-05,6.69875999971927,2.32231000032226,50,4.57385974025974,31.4587
1127,2020-02-05,6.39845000037199,2.32180999983175,50,4.57385974025974,31.4587
1128,2020-02-05,6.69875999971927,2.32231000032226,50,4.57385974025974,31.4587
1129,2020-02-06,6.53325999967036,2.34786000041417,null,4.57385974025974,31.4587
1130,2020-02-06,6.5142900001649,2.36236000026591,null,4.57385974025974,31.4587
1131,2020-02-06,6.48895000035973,2.3524399998048,null,4.57385974025974,31.4587
1132,2020-02-06,6.48351999970328,2.34972999998491,null,4.57385974025974,31.4587
1133,2020-02-06,6.48351999970328,2.34972999998491,null,4.57385974025974,31.4587
1134,2020-02-06,6.51337999956993,2.36236000026591,null,4.57385974025974,31.4587
1135,2020-02-06,6.48351999970328,2.34972999998491,null,4.57385974025974,31.4587
1136,2020-02-06,6.54049999987786,2.34965999966473,null,4.57385974025974,31.4587
1137,2020-02-06,6.54141000027535,2.35237000038294,null,4.57385974025974,31.4587
1138,2020-02-06,11.8491199999478,3.39203000039968,10,4.57385974025974,31.4587
1139,2020-02-06,6.53687999993716,2.34694999984484,null,4.57385974025974,31.4587
1140,2020-02-06,6.53506999995514,2.34786000041417,null,4.57385974025974,31.4587
1141,2020-02-06,6.5142900001649,2.36236000026591,null,4.57385974025974,31.4587
1142,2020-02-06,6.5142900001649,2.36236000026591,null,4.57385974025974,31.4587
1143,2020-02-06,6.48351999970328,2.34972999998491,null,4.57385974025974,31.4587
1144,2020-02-06,11.8482199997522,3.39295000011644,6',4.57385974025974,31.4587
1145,2020-02-06,6.54049999987786,2.34965999966473,null,4.57385974025974,31.4587
1146,2020-02-06,6.53054999961562,2.35147999990509,null,4.57385974025974,31.4587
1147,2020-02-06,6.48351999970328,2.34972999998491,null,4.57385974025974,31.4587
1148,2020-02-06,6.48351999970328,2.34972999998491,null,4.57385974025974,31.4587
1149,2020-02-06,6.51337999956993,2.36236000026591,null,4.57385974025974,31.4587
1150,2020-02-06,6.5142900001649,2.36236000026591,null,4.57385974025974,31.4587
1151,2020-02-06,6.48351999970328,2.34972999998491,null,4.57385974025974,31.4587
1152,2020-02-06,11.844600000311,3.3911099997846,2',4.57385974025974,31.4587
1153,2020-02-07,11.8482199997522,3.39295000011644,null,9.12358571428571,31.7238
1154,2020-02-07,6.45004999982364,2.35430000022815,null,9.12358571428571,31.7238
1155,2020-02-07,6.48798999988095,2.31083999995752,null,9.12358571428571,31.7238
1156,2020-02-07,6.49336999976463,2.27646999994462,null,9.12358571428571,31.7238
1157,2020-02-07,6.42740999997973,2.33353000044171,null,9.12358571428571,31.7238
1158,2020-02-07,6.48623000005415,2.34883000035964,null,9.12358571428571,31.7238
1159,2020-02-07,6.57576000018798,2.3333300004252,null,9.12358571428571,31.7238
1160,2020-02-07,6.55858999977603,2.34872999990222,null,9.12358571428571,31.7238
1161,2020-02-07,6.4300900001033,2.30459000011437,null,9.12358571428571,31.7238
1162,2020-02-07,6.40021999963657,2.28926000005921,null,9.12358571428571,31.7238
1163,2020-02-07,6.45450999970276,2.30184000011149,null,9.12358571428571,31.7238
1164,2020-02-07,6.52421999956104,2.35239999962184,15,9.12358571428571,31.7238
1165,2020-02-07,6.50970999993363,2.31714000002942,null,9.12358571428571,31.7238
1166,2020-02-07,6.46358999983522,2.33077000039312,null,9.12358571428571,31.7238
1167,2020-02-07,6.51428000042233,2.3587399998767,null,9.12358571428571,31.7238
1168,2020-02-07,6.52318999990965,2.2565300003616,null,9.12358571428571,31.7238
1169,2020-02-07,6.51968000018905,2.33431000041639,null,9.12358571428571,31.7238
1170,2020-02-08,6.53235999988684,2.35147999990509,null,9.12358571428571,31.7238
1171,2020-02-09,6.54592999970272,2.35145999981358,null,9.12358571428571,31.7238
1172,2020-02-09,11.844600000311,3.3911099997846,null,9.12358571428571,31.7238
1173,2020-02-12,7.92641000031019,1.98117000022539,null,9.12358571428571,31.7238
1174,2020-05-29,6.42198999973825,2.33625000030735,53,62.1443662337662,50.7229
1175,2020-09-03,6.37412000014331,2.39327999976891,null,55.4485948051948,55.5117
1176,2020-09-03,6.37412000014331,2.39327999976891,null,55.4485948051948,55.5117
1177,2020-09-03,6.37501999991768,2.39418000029249,null,55.4485948051948,55.5117
1178,2020-09-03,6.37501999991768,2.39418000029249,null,55.4485948051948,55.5117
1179,2020-09-03,6.37412000014331,2.39327999976891,null,55.4485948051948,55.5117
1180,2020-09-03,6.41650999957508,2.30098999981663,null,55.4485948051948,55.5117
1181,2020-09-21,6.37234999990834,2.42673000006503,null,58.2689636363636,55.2393
1182,2020-09-30,6.3741100003155,2.39055999990327,null,44.5147051948052,54.7481
1183,2020-09-30,6.3741100003155,2.39055999990327,null,44.5147051948052,54.7481
1184,2020-09-30,6.61015999977463,2.35590000036046,null,44.5147051948052,54.7481
1185,2020-09-30,6.3741100003155,2.39055999990327,null,44.5147051948052,54.7481
1186,2020-09-30,6.3741100003155,2.39055999990327,null,44.5147051948052,54.7481
1187,2020-09-30,6.3741100003155,2.39055999990327,null,44.5147051948052,54.7481
1188,2020-09-30,6.3741100003155,2.39055999990327,null,44.5147051948052,54.7481
1189,2020-10-10,6.54685000000922,2.36232000008296,null,39.9599987012987,53.8888
1190,2020-10-17,6.42289999976301,2.33896000012724,null,35.1807012987013,52.4917
1191,2020-10-17,6.42289999976301,2.33896000012724,null,35.1807012987013,52.4917
1192,2020-10-17,6.42289999976301,2.33896000012724,null,35.1807012987013,52.4917
1193,2020-12-10,6.37052000043236,2.41227000039624,null,2.99436233766234,40.0528
1194,2021-04-07,6.38192999983041,2.15909000020798,null,32.8424103896104,41.1657
1195,2021-04-07,6.46000000028365,2.356100000377,null,32.8424103896104,41.1657
1196,2021-04-15,6.65983999982234,2.29975000043273,null,32.8424103896104,41.1657
1197,2022-07-05,6.41566000008031,2.33806999964938,null,56.1264662337662,53.8446
1198,2022-07-05,6.4156699999881,2.34801000020201,null,56.1264662337662,53.8446
1199,2022-07-05,6.41566000008031,2.33806999964938,null,56.1264662337662,53.8446
1200,2022-07-05,6.41566000008031,2.33806999964938,null,56.1264662337662,53.8446
1201,2022-07-05,6.41566000008031,2.33806999964938,null,56.1264662337662,53.8446
1202,2023-05-09,6.42818000041875,2.23587000018004,null,45.9982597402598,47.2587
